pdb	seed	cdr_h3_rmsd	fw_rmsd	cdr_h3_len	has_light
7y3o	1	1.6183	1.1967	17	True
7y3o	2	0.8295	1.4455	17	True
7y3o	3	2.1648	1.1953	17	True
7y3o	4	3.3753	1.2584	17	True
7y3o	5	3.3647	1.2628	17	True
7yds	1	4.9758	2.4172	12	True
7yds	2	5.1045	2.7067	12	True
7yds	3	6.4264	4.6269	12	True
7yds	4	5.1204	2.1072	12	True
7yds	5	5.1093	2.8969	12	True
7yv1	1	2.9133	1.1209	13	True
7yv1	2	2.6842	1.1363	13	True
7yv1	3	3.445	1.3657	13	True
7yv1	4	3.3765	1.0182	13	True
7yv1	5	3.4504	1.2382	13	True
7z1x	1	3.3293	1.3163	12	False
7z1x	2	3.4033	1.3846	12	False
7z1x	3	3.0499	1.2952	12	False
7z1x	4	3.4051	1.353	12	False
7z1x	5	6.0722	1.3455	12	False
7zau	1	2.8119	1.0999	17	False
7zau	2	2.8689	1.2135	17	False
7zau	3	2.8408	0.9122	17	False
7zau	4	2.7873	0.9986	17	False
7zau	5	2.7278	1.312	17	False
7zoz	1	2.4227	0.9108	15	True
7zoz	2	2.4877	0.9805	15	True
7zoz	3	2.636	0.9083	15	True
7zoz	4	5.1187	4.0436	15	True
7zoz	5	2.6339	1.0121	15	True
8a44	1	5.6711	1.3876	16	True
8a44	2	5.7026	0.878	16	True
8a44	3	5.2596	0.5833	16	True
8a44	4	4.5553	0.7767	16	True
8a44	5	5.7992	0.9394	16	True
8acf	1	1.8886	2.6329	11	True
8acf	2	2.4775	3.1719	11	True
8acf	3	1.8388	2.5452	11	True
8acf	4	2.3573	2.9293	11	True
8acf	5	2.5295	3.068	11	True
8aci	1	2.0822	2.6456	11	True
8aci	2	2.6418	3.337	11	True
8aci	3	2.4858	2.9008	11	True
8aci	4	2.4139	3.0096	11	True
8aci	5	2.4358	3.1177	11	True
8aok	1	5.1169	0.9847	20	False
8aok	2	4.7192	0.9396	20	False
8aok	3	4.9382	0.9965	20	False
8aok	4	4.9471	0.9257	20	False
8aok	5	4.8347	0.9992	20	False
8aom	1	2.2205	1.0714	12	False
8aom	2	2.5816	1.0612	12	False
8aom	3	1.8885	1.0737	12	False
8aom	4	2.0811	1.0831	12	False
8aom	5	2.2593	1.0818	12	False
8apy	1	0.9558	0.3462	14	False
8apy	2	1.3703	0.3578	14	False
8apy	3	1.3464	0.3412	14	False
8apy	4	0.7685	0.3326	14	False
8apy	5	1.0754	0.3628	14	False
8b17	1	1.4805	2.778	17	False
8b17	2	0.5454	1.8649	17	False
8b17	3	0.8748	1.9766	17	False
8b17	4	0.5141	0.9765	17	False
8b17	5	1.077	2.4062	17	False
8b18	1	1.4813	2.7568	17	False
8b18	2	0.566	1.8629	17	False
8b18	3	0.8764	1.9716	17	False
8b18	4	0.5727	0.9951	17	False
8b18	5	1.1044	2.3863	17	False
8b19	1	1.5096	2.7479	17	False
8b19	2	0.5813	1.8548	17	False
8b19	3	0.9041	1.9644	17	False
8b19	4	0.5055	0.9819	17	False
8b19	5	1.0337	2.3753	17	False
8b1a	1	1.5118	2.7521	17	False
8b1a	2	0.5754	1.8544	17	False
8b1a	3	0.9157	1.9596	17	False
8b1a	4	0.5303	0.9946	17	False
8b1a	5	1.0634	2.3854	17	False
8b1d	1	1.5136	2.7392	17	False
8b1d	2	0.5802	1.8661	17	False
8b1d	3	0.9057	1.9726	17	False
8b1d	4	0.5268	1.0114	17	False
8b1d	5	1.0637	2.3834	17	False
8b1e	1	1.508	2.7469	17	False
8b1e	2	0.5765	1.8555	17	False
8b1e	3	0.9077	1.9619	17	False
8b1e	4	0.5359	1.0095	17	False
8b1e	5	1.0651	2.3988	17	False
8b1f	1	1.4868	2.7584	17	False
8b1f	2	0.5578	1.8714	17	False
8b1f	3	0.8834	1.9784	17	False
8b1f	4	0.5327	1.0043	17	False
8b1f	5	1.0786	2.3904	17	False
8b1g	1	1.4724	2.7728	17	False
8b1g	2	0.5312	1.8682	17	False
8b1g	3	0.8478	1.9806	17	False
8b1g	4	0.5436	0.9901	17	False
8b1g	5	1.1221	2.3916	17	False
8b7h	1	6.6751	4.0571	17	True
8b7h	2	5.1755	3.4787	17	True
8b7h	3	4.565	3.6939	17	True
8b7h	4	3.4989	1.2154	17	True
8b7h	5	4.3743	4.2397	17	True
8be2	1	1.4257	0.4963	11	False
8be2	2	1.4226	0.5857	11	False
8be2	3	1.7492	0.5881	11	False
8be2	4	1.4417	0.6207	11	False
8be2	5	1.4716	0.6847	11	False
8bec	1	27.477	16.804	12	False
8bec	2	34.2482	17.606	12	False
8bec	3	31.4988	14.5645	12	False
8bec	4	31.1944	16.7972	12	False
8bec	5	35.1458	18.1742	12	False
8bg2	1	20.9138	11.1625	13	False
8bg2	2	24.8267	13.3661	13	False
8bg2	3	37.9164	17.3753	13	False
8bg2	4	36.5831	17.0057	13	False
8bg2	5	30.2151	14.2634	13	False
8bg3	1	32.8067	15.0109	12	False
8bg3	2	34.9098	16.9762	12	False
8bg3	3	29.2834	14.7635	12	False
8bg3	4	26.5486	14.4031	12	False
8bg3	5	26.7162	13.8427	12	False
8bg4	1	35.1211	17.105	11	False
8bg4	2	31.7693	14.2518	11	False
8bg4	3	23.2279	17.4638	11	False
8bg4	4	33.6697	17.3489	11	False
8bg4	5	32.1464	13.271	11	False
8bg5	1	22.816	13.1908	12	False
8bg5	2	28.2032	17.0426	12	False
8bg5	3	27.246	15.9979	12	False
8bg5	4	33.2083	18.3264	12	False
8bg5	5	28.9406	17.3335	12	False
8bk2	1	1.749	1.8383	9	True
8bk2	2	1.9621	2.0974	9	True
8bk2	3	1.6877	1.7313	9	True
8bk2	4	1.0223	1.2576	9	True
8bk2	5	2.1083	2.1771	9	True
8byu	1	4.6943	4.582	14	True
8byu	2	8.1586	4.7413	14	True
8byu	3	5.0235	4.7322	14	True
8byu	4	7.2113	4.486	14	True
8byu	5	8.091	4.523	14	True
8c3k	1	0.9571	1.1828	5	False
8c3k	2	0.7614	1.087	5	False
8c3k	3	0.8233	1.1001	5	False
8c3k	4	0.8738	1.055	5	False
8c3k	5	0.9381	1.2363	5	False
8c5h	1	2.3795	1.2861	10	False
8c5h	2	0.8396	1.3607	10	False
8c5h	3	2.5871	1.3913	10	False
8c5h	4	2.0547	0.9938	10	False
8c5h	5	3.1266	1.3384	10	False
8cbf	1	1.3716	1.5936	11	True
8cbf	2	0.9243	1.4868	11	True
8cbf	3	1.5916	1.6841	11	True
8cbf	4	0.9072	1.0089	11	True
8cbf	5	1.3966	1.4743	11	True
8d9y	1	5.4611	1.1818	20	True
8d9y	2	6.5257	5.0752	20	True
8d9y	3	4.8543	1.037	20	True
8d9y	4	4.8959	4.5158	20	True
8d9y	5	4.0702	4.3562	20	True
8d9z	1	5.149	2.6915	20	True
8d9z	2	4.2506	1.5509	20	True
8d9z	3	6.4748	2.7564	20	True
8d9z	4	4.4731	2.3232	20	True
8d9z	5	3.8709	3.0193	20	True
8da0	1	4.9163	6.0949	20	True
8da0	2	5.7552	6.8053	20	True
8da0	3	4.8173	6.2019	20	True
8da0	4	3.6584	2.5147	20	True
8da0	5	5.7432	6.6316	20	True
8ee2	1	3.6437	5.3719	14	False
8ee2	2	3.1686	5.3852	14	False
8ee2	3	4.4767	5.2825	14	False
8ee2	4	4.1469	5.3168	14	False
8ee2	5	3.8028	5.3739	14	False
8eln	1	0.8317	0.6402	13	False
8eln	2	0.8584	0.6017	13	False
8eln	3	0.7321	0.5918	13	False
8eln	4	0.8096	0.5932	13	False
8eln	5	0.8623	0.6348	13	False
8elq	1	17.0783	0.4172	20	False
8elq	2	7.796	0.5396	20	False
8elq	3	12.7602	0.5334	20	False
8elq	4	9.6962	0.4859	20	False
8elq	5	10.7572	0.4745	20	False
8et0	1	1.5627	0.7514	12	False
8et0	2	1.2496	0.9227	12	False
8et0	3	0.9834	0.4525	12	False
8et0	4	1.1373	0.99	12	False
8et0	5	1.2028	0.9107	12	False
8evd	1	2.1037	1.9172	17	False
8evd	2	2.2114	2.0394	17	False
8evd	3	2.2378	2.0262	17	False
8evd	4	2.6103	2.1041	17	False
8evd	5	1.8546	1.5576	17	False
8ezk	1	3.8893	2.1368	15	False
8ezk	2	27.783	12.2415	15	False
8ezk	3	30.6086	15.0659	15	False
8ezk	4	31.665	15.8796	15	False
8ezk	5	27.9261	11.8902	15	False
8ezl	1	51.2404	20.8381	24	False
8ezl	2	43.8942	12.7724	24	False
8ezl	3	53.0344	21.7056	24	False
8ezl	4	47.5984	20.2127	24	False
8ezl	5	42.8728	17.8834	24	False
8ezm	1	27.3971	17.9491	12	False
8ezm	2	26.3254	18.3924	12	False
8ezm	3	26.3063	17.7864	12	False
8ezm	4	27.992	18.7383	12	False
8ezm	5	27.4052	17.9433	12	False
8f5i	1	3.213	1.1852	15	True
8f5i	2	2.1847	1.1483	15	True
8f5i	3	2.5847	1.3138	15	True
8f5i	4	3.3412	1.3669	15	True
8f5i	5	2.6081	1.2378	15	True
8f6u	1	2.3747	2.0014	17	False
8f6u	2	2.4926	2.0383	17	False
8f6u	3	2.2721	2.349	17	False
8f6u	4	2.4245	2.2936	17	False
8f6u	5	2.2366	1.7124	17	False
8f6v	1	7.3829	1.1593	20	False
8f6v	2	5.0452	1.1225	20	False
8f6v	3	4.4019	1.2177	20	False
8f6v	4	3.0575	1.2081	20	False
8f6v	5	5.1207	1.3347	20	False
8fdo	1	1.5013	0.8965	25	True
8fdo	2	1.167	0.7888	25	True
8fdo	3	0.8183	0.5112	25	True
8fdo	4	1.2004	0.8446	25	True
8fdo	5	0.9562	0.6211	25	True
8fxv	1	3.623	0.6553	11	False
8fxv	2	2.6809	0.6384	11	False
8fxv	3	3.8936	0.6788	11	False
8fxv	4	2.8184	0.7714	11	False
8fxv	5	2.1317	0.6508	11	False
8g0i	1	1.4032	0.7749	10	False
8g0i	2	1.5586	0.6195	10	False
8g0i	3	1.8122	0.6854	10	False
8g0i	4	1.8439	0.654	10	False
8g0i	5	1.8565	0.6311	10	False
8g4p	1	6.2439	5.1152	19	True
8g4p	2	7.7498	6.8	19	True
8g4p	3	3.4666	2.3524	19	True
8g4p	4	6.966	6.3814	19	True
8g4p	5	7.0382	6.9832	19	True
8gjr	1	1.119	0.4247	13	False
8gjr	2	0.7333	0.4949	13	False
8gjr	3	3.9195	0.413	13	False
8gjr	4	2.1019	0.5363	13	False
8gjr	5	1.3012	0.4706	13	False
8gy5	1	0.5974	0.8549	10	True
8gy5	2	0.8675	1.0542	10	True
8gy5	3	0.4158	0.8618	10	True
8gy5	4	0.6964	0.9424	10	True
8gy5	5	0.504	0.9188	10	True
8gye	1	1.2458	0.7209	11	True
8gye	2	1.2695	0.6678	11	True
8gye	3	1.3066	0.7173	11	True
8gye	4	1.212	0.6913	11	True
8gye	5	1.389	0.7058	11	True
8h5t	1	1.0459	0.5391	15	False
8h5t	2	1.0447	0.6103	15	False
8h5t	3	1.0831	0.5514	15	False
8h5t	4	1.063	0.595	15	False
8h5t	5	1.1989	0.6088	15	False
8h5u	1	0.5094	1.3167	5	False
8h5u	2	0.4156	0.8335	5	False
8h5u	3	1.1043	1.2063	5	False
8h5u	4	0.4555	1.2689	5	False
8h5u	5	0.3843	1.2753	5	False
8h63	1	1.7889	1.2552	14	False
8h63	2	1.8899	1.2999	14	False
8h63	3	2.0652	1.2766	14	False
8h63	4	1.9585	1.347	14	False
8h63	5	1.8673	1.1456	14	False
8h64	1	4.6362	0.6258	18	False
8h64	2	4.5042	0.6583	18	False
8h64	3	4.8199	0.7592	18	False
8h64	4	4.8905	0.4738	18	False
8h64	5	3.8265	0.6147	18	False
8hes	1	2.1741	1.6971	18	True
8hes	2	3.3004	1.2407	18	True
8hes	3	2.8136	2.5095	18	True
8hes	4	2.0874	1.3845	18	True
8hes	5	3.4897	1.262	18	True
8hr2	1	3.7385	0.6834	21	False
8hr2	2	3.948	1.0803	21	False
8hr2	3	4.4781	0.5495	21	False
8hr2	4	3.357	0.6387	21	False
8hr2	5	3.9349	0.6917	21	False
8idi	1	2.651	1.2081	22	False
8idi	2	3.0647	1.6097	22	False
8idi	3	3.4991	1.1905	22	False
8idi	4	4.2113	1.1999	22	False
8idi	5	2.936	1.3205	22	False
8ido	1	1.2449	0.9169	22	False
8ido	2	1.2247	0.9463	22	False
8ido	3	1.185	0.9458	22	False
8ido	4	1.1749	0.9912	22	False
8ido	5	1.1563	1.1562	22	False
8im0	1	0.4204	1.0192	15	False
8im0	2	0.4729	0.9758	15	False
8im0	3	0.3426	1.012	15	False
8im0	4	0.5197	0.8874	15	False
8im0	5	0.4251	0.9707	15	False
8im1	1	3.0094	1.3617	19	False
8im1	2	2.8023	1.3602	19	False
8im1	3	3.0601	1.3901	19	False
8im1	4	2.1795	1.4993	19	False
8im1	5	2.4826	1.5224	19	False
8ipc	1	0.3682	1.1311	10	True
8ipc	2	0.6213	1.1041	10	True
8ipc	3	0.6254	1.2589	10	True
8ipc	4	0.3771	1.1388	10	True
8ipc	5	0.3668	1.1344	10	True
8jel	1	3.5559	3.9829	12	True
8jel	2	4.3002	4.9082	12	True
8jel	3	3.7436	4.3789	12	True
8jel	4	3.9421	4.527	12	True
8jel	5	3.7732	3.9981	12	True
8jeo	1	1.4669	1.1245	16	True
8jeo	2	3.1643	0.6594	16	True
8jeo	3	1.2304	0.8569	16	True
8jeo	4	1.2815	1.0112	16	True
8jeo	5	0.9626	1.1192	16	True
8jyr	1	2.0546	1.2363	13	True
8jyr	2	1.6233	1.3987	13	True
8jyr	3	2.7125	1.7572	13	True
8jyr	4	2.3072	1.4817	13	True
8jyr	5	2.3878	1.6712	13	True
8k33	1	2.1963	1.3801	9	False
8k33	2	2.2662	1.3052	9	False
8k33	3	2.6157	1.1737	9	False
8k33	4	2.811	1.3507	9	False
8k33	5	2.5123	1.0386	9	False
8k3k	1	9.6427	10.0081	16	False
8k3k	2	6.7592	9.8582	16	False
8k3k	3	5.9088	7.0312	16	False
8k3k	4	4.8141	6.3836	16	False
8k3k	5	3.1807	9.0896	16	False
8k3l	1	0.794	0.5474	20	False
8k3l	2	0.7192	0.6243	20	False
8k3l	3	0.8016	0.6616	20	False
8k3l	4	0.7449	0.5958	20	False
8k3l	5	0.8659	0.6118	20	False
8opr	1	10.7648	0.8564	15	False
8opr	2	11.2516	0.8826	15	False
8opr	3	12.2662	0.902	15	False
8opr	4	11.7058	0.911	15	False
8opr	5	10.789	0.9103	15	False
8oww	1	1.7906	1.7767	17	False
8oww	2	0.8272	1.6847	17	False
8oww	3	0.6131	1.7465	17	False
8oww	4	0.815	1.8044	17	False
8oww	5	0.9038	1.7091	17	False
8oxv	1	2.4429	1.2919	15	True
8oxv	2	7.1829	9.7047	15	True
8oxv	3	2.9174	1.3927	15	True
8oxv	4	2.5628	1.2986	15	True
8oxv	5	2.6713	1.2772	15	True
8oxw	1	2.6105	1.4229	15	True
8oxw	2	2.7001	1.3337	15	True
8oxw	3	2.9313	1.3023	15	True
8oxw	4	2.6443	1.5619	15	True
8oxw	5	2.7601	1.435	15	True
8oxx	1	2.7641	1.1608	15	True
8oxx	2	3.0254	1.3635	15	True
8oxx	3	2.5095	1.4623	15	True
8oxx	4	2.5563	1.3727	15	True
8oxx	5	2.8556	1.3124	15	True
8oxy	1	2.9466	1.542	15	True
8oxy	2	2.7206	1.4735	15	True
8oxy	3	3.5553	1.528	15	True
8oxy	4	2.7535	1.5288	15	True
8oxy	5	2.9278	1.7479	15	True
8ozb	1	0.6426	0.467	14	False
8ozb	2	0.7499	0.5125	14	False
8ozb	3	1.0906	0.5053	14	False
8ozb	4	1.2	0.4978	14	False
8ozb	5	0.7455	0.4739	14	False
8pe1	1	1.2384	0.4692	16	False
8pe1	2	4.1283	0.4748	16	False
8pe1	3	7.1372	0.4442	16	False
8pe1	4	0.8263	0.4276	16	False
8pe1	5	0.9427	0.403	16	False
8pe2	1	1.8165	0.7118	15	False
8pe2	2	1.7343	0.7027	15	False
8pe2	3	1.7766	0.6918	15	False
8pe2	4	1.5839	0.6992	15	False
8pe2	5	1.5698	0.6819	15	False
8pih	1	5.1955	0.6198	20	False
8pih	2	8.4053	0.6459	20	False
8pih	3	4.9127	0.5639	20	False
8pih	4	7.0555	0.6247	20	False
8pih	5	4.9871	0.6086	20	False
8pmz	1	41.7616	18.0234	17	False
8pmz	2	33.4189	16.3859	17	False
8pmz	3	38.7582	18.0438	17	False
8pmz	4	41.4402	17.6464	17	False
8pmz	5	24.9381	14.4729	17	False
8pwv	1	25.6199	17.3394	10	False
8pwv	2	30.6608	15.4997	10	False
8pwv	3	24.8682	17.2262	10	False
8pwv	4	29.6578	17.9254	10	False
8pwv	5	34.6767	16.7487	10	False
8pww	1	23.7394	16.3816	13	False
8pww	2	31.4897	15.1061	13	False
8pww	3	37.6702	18.6984	13	False
8pww	4	37.2676	19.049	13	False
8pww	5	23.5128	17.565	13	False
8pyr	1	1.7488	0.3312	8	False
8pyr	2	1.7462	0.3644	8	False
8pyr	3	1.9372	0.2865	8	False
8pyr	4	1.8809	0.3066	8	False
8pyr	5	2.2973	0.3299	8	False
8q3j	1	5.851	2.7545	19	True
8q3j	2	5.7388	2.6807	19	True
8q3j	3	5.5305	2.6361	19	True
8q3j	4	5.5699	3.0733	19	True
8q3j	5	5.3682	2.6761	19	True
8q6r	1	2.9225	0.4958	13	False
8q6r	2	3.108	0.4874	13	False
8q6r	3	2.7837	0.5538	13	False
8q6r	4	3.0088	0.4918	13	False
8q6r	5	3.0056	0.4463	13	False
8q7o	1	0.8245	0.9337	13	False
8q7o	2	0.5049	0.9883	13	False
8q7o	3	0.5067	0.974	13	False
8q7o	4	0.5107	1.0007	13	False
8q7o	5	0.5003	0.5842	13	False
8q94	1	0.7089	0.536	20	False
8q94	2	0.8053	0.6332	20	False
8q94	3	0.8539	0.6543	20	False
8q94	4	0.5408	0.6665	20	False
8q94	5	0.8543	0.5392	20	False
8q95	1	0.5395	0.5046	20	False
8q95	2	0.6246	0.5194	20	False
8q95	3	0.6279	0.5456	20	False
8q95	4	0.6232	0.5632	20	False
8q95	5	0.6567	0.472	20	False
8qf4	1	0.424	0.6248	19	False
8qf4	2	0.4972	0.4713	19	False
8qf4	3	0.4428	0.5927	19	False
8qf4	4	0.3779	0.6261	19	False
8qf4	5	0.4174	0.5619	19	False
8qf5	1	10.0102	1.1356	12	False
8qf5	2	8.9904	1.2292	12	False
8qf5	3	8.2476	1.1264	12	False
8qf5	4	9.2448	1.051	12	False
8qf5	5	10.2197	1.2604	12	False
8qgx	1	9.2082	1.2322	16	False
8qgx	2	2.7414	1.3253	16	False
8qgx	3	11.4025	1.2572	16	False
8qgx	4	11.7811	1.2212	16	False
8qgx	5	10.5908	1.2561	16	False
8qh0	1	1.2951	1.6219	11	True
8qh0	2	0.702	0.9265	11	True
8qh0	3	4.7178	5.5296	11	True
8qh0	4	4.5097	5.275	11	True
8qh0	5	4.6153	5.0347	11	True
8qrg	1	1.3147	0.6427	17	False
8qrg	2	1.3374	0.5133	17	False
8qrg	3	1.0968	0.5302	17	False
8qrg	4	0.8422	0.5212	17	False
8qrg	5	1.2859	0.6383	17	False
8qz3	1	1.4631	0.6251	20	False
8qz3	2	4.3059	0.4867	20	False
8qz3	3	5.1369	0.6251	20	False
8qz3	4	2.2365	0.6136	20	False
8qz3	5	1.7634	0.6086	20	False
8r4n	1	2.6133	2.2673	15	True
8r4n	2	7.1118	1.3073	15	True
8r4n	3	2.2953	2.3298	15	True
8r4n	4	6.0148	1.7308	15	True
8r4n	5	1.9199	2.0272	15	True
8r4u	1	14.5076	14.3609	12	False
8r4u	2	24.2331	17.0009	12	False
8r4u	3	13.9939	14.2374	12	False
8r4u	4	28.4106	19.091	12	False
8r4u	5	11.6056	18.1036	12	False
8rby	1	5.8249	1.75	13	False
8rby	2	4.7271	1.9218	13	False
8rby	3	3.8988	1.5849	13	False
8rby	4	5.0293	1.892	13	False
8rby	5	5.7125	1.6591	13	False
8rj7	1	1.3023	1.435	14	False
8rj7	2	4.1511	1.3885	14	False
8rj7	3	1.4932	1.3602	14	False
8rj7	4	2.1594	1.3782	14	False
8rj7	5	4.2659	1.4825	14	False
8rp8	1	1.7642	0.958	9	True
8rp8	2	3.001	2.2781	9	True
8rp8	3	1.8956	0.9559	9	True
8rp8	4	1.9314	0.9604	9	True
8rp8	5	1.6615	1.3237	9	True
8rw9	1	0.3343	0.2623	18	False
8rw9	2	0.3237	0.2585	18	False
8rw9	3	0.3366	0.2919	18	False
8rw9	4	0.3289	0.2761	18	False
8rw9	5	0.4676	0.2374	18	False
8rwb	1	0.5991	0.8073	9	True
8rwb	2	0.4052	0.7414	9	True
8rwb	3	0.6235	0.7698	9	True
8rwb	4	0.5031	0.8116	9	True
8rwb	5	0.7893	0.9587	9	True
8rz0	1	17.2965	17.1891	22	False
8rz0	2	16.516	17.9291	22	False
8rz0	3	16.9882	17.6796	22	False
8rz0	4	15.0319	16.8008	22	False
8rz0	5	14.5244	17.8023	22	False
8rz1	1	2.4475	2.5279	13	False
8rz1	2	25.6216	17.8598	13	False
8rz1	3	27.8033	17.8059	13	False
8rz1	4	29.017	17.7912	13	False
8rz1	5	25.04	17.8929	13	False
8rz2	1	6.2131	9.7379	13	True
8rz2	2	6.112	9.5347	13	True
8rz2	3	6.4155	9.7497	13	True
8rz2	4	2.346	2.0473	13	True
8rz2	5	6.7589	9.9891	13	True
8s0l	1	1.3046	0.4439	21	False
8s0l	2	1.5427	0.459	21	False
8s0l	3	1.3042	0.4878	21	False
8s0l	4	1.359	0.4689	21	False
8s0l	5	1.3213	0.4512	21	False
8s0n	1	1.4679	0.4492	21	False
8s0n	2	1.6742	0.5095	21	False
8s0n	3	1.4706	0.4329	21	False
8s0n	4	1.6675	0.4481	21	False
8s0n	5	1.507	0.3875	21	False
8s6m	1	1.1339	0.9249	16	True
8s6m	2	6.0823	6.5114	16	True
8s6m	3	1.3327	0.9098	16	True
8s6m	4	1.5321	0.9299	16	True
8s6m	5	5.772	6.5065	16	True
8s79	1	5.1889	0.8131	8	False
8s79	2	5.1613	1.0993	8	False
8s79	3	4.6539	0.9254	8	False
8s79	4	2.2572	0.7148	8	False
8s79	5	4.9037	0.7917	8	False
8sdf	1	5.3056	6.9291	20	True
8sdf	2	5.3115	2.9508	20	True
8sdf	3	7.157	8.2383	20	True
8sdf	4	3.9204	3.4766	20	True
8sdf	5	6.0388	8.0691	20	True
8sfs	1	0.548	0.9816	20	False
8sfs	2	0.5399	1.2119	20	False
8sfs	3	0.5379	0.802	20	False
8sfs	4	0.5505	0.6278	20	False
8sfs	5	0.7751	0.6304	20	False
8sfx	1	0.4843	0.6356	17	False
8sfx	2	0.712	0.6757	17	False
8sfx	3	0.5973	0.615	17	False
8sfx	4	0.7186	0.603	17	False
8sfx	5	0.6727	0.6109	17	False
8sfz	1	4.9826	0.4298	17	False
8sfz	2	5.104	0.3815	17	False
8sfz	3	4.8535	0.3111	17	False
8sfz	4	4.6043	0.4331	17	False
8sfz	5	4.8108	0.3914	17	False
8sgn	1	1.822	1.513	13	True
8sgn	2	1.4023	1.7552	13	True
8sgn	3	1.9221	1.3219	13	True
8sgn	4	1.3065	1.6565	13	True
8sgn	5	1.4975	1.7138	13	True
8siq	1	7.1876	2.2642	21	True
8siq	2	5.874	7.4348	21	True
8siq	3	8.7319	7.8658	21	True
8siq	4	4.3587	1.6412	21	True
8siq	5	7.0978	7.5374	21	True
8sk5	1	1.6522	1.685	19	False
8sk5	2	1.6499	0.9836	19	False
8sk5	3	1.2266	1.0436	19	False
8sk5	4	1.7699	1.4105	19	False
8sk5	5	1.9756	1.0748	19	False
8slb	1	7.7406	3.5476	23	True
8slb	2	9.9589	3.5177	23	True
8slb	3	10.6327	3.804	23	True
8slb	4	10.5234	3.4698	23	True
8slb	5	7.1911	3.5886	23	True
8sos	1	3.1677	0.8715	20	False
8sos	2	3.0052	0.872	20	False
8sos	3	2.3404	0.8349	20	False
8sos	4	2.2526	0.9356	20	False
8sos	5	2.0609	0.8003	20	False
8sow	1	20.2292	12.538	8	False
8sow	2	25.1165	17.4181	8	False
8sow	3	22.2903	17.5339	8	False
8sow	4	24.051	17.7109	8	False
8sow	5	21.1477	17.2831	8	False
8soz	1	19.0801	13.7153	8	False
8soz	2	29.5214	14.648	8	False
8soz	3	31.0333	17.2876	8	False
8soz	4	32.1473	17.5739	8	False
8soz	5	30.5186	16.8017	8	False
8szy	1	5.1159	6.0115	10	True
8szy	2	5.442	6.386	10	True
8szy	3	0.8642	1.2376	10	True
8szy	4	0.8118	1.3616	10	True
8szy	5	5.5405	6.2377	10	True
8tbb	1	0.6553	0.5658	16	True
8tbb	2	0.7469	0.5933	16	True
8tbb	3	2.948	3.248	16	True
8tbb	4	4.2066	4.3761	16	True
8tbb	5	2.9445	3.0174	16	True
8tft	1	1.7124	0.9049	15	True
8tft	2	1.4657	1.1798	15	True
8tft	3	3.2238	1.4686	15	True
8tft	4	2.5531	1.2005	15	True
8tft	5	2.7284	0.9209	15	True
8trs	1	2.6693	2.9801	8	True
8trs	2	2.1707	2.6986	8	True
8trs	3	0.7484	0.6786	8	True
8trs	4	2.3572	2.6103	8	True
8trs	5	2.2256	2.482	8	True
8ts0	1	1.1605	0.9575	15	True
8ts0	2	1.0776	0.9259	15	True
8ts0	3	1.8416	0.8984	15	True
8ts0	4	2.0639	1.0128	15	True
8ts0	5	1.8159	1.1329	15	True
8tuz	1	2.7413	1.0435	15	True
8tuz	2	2.6788	0.9972	15	True
8tuz	3	2.7126	1.0415	15	True
8tuz	4	2.6879	1.0037	15	True
8tuz	5	2.7822	1.0732	15	True
8tv3	1	4.1377	0.852	14	True
8tv3	2	4.4331	0.933	14	True
8tv3	3	4.236	0.5742	14	True
8tv3	4	4.2717	0.7758	14	True
8tv3	5	4.3051	0.7617	14	True
8u08	1	0.7209	1.6416	22	True
8u08	2	0.7554	1.444	22	True
8u08	3	1.6312	2.4019	22	True
8u08	4	1.4052	1.7696	22	True
8u08	5	1.8214	2.1435	22	True
8u3s	1	2.3035	1.0706	11	False
8u3s	2	1.1845	1.1305	11	False
8u3s	3	2.6175	1.0821	11	False
8u3s	4	0.9509	1.0924	11	False
8u3s	5	0.9629	1.046	11	False
8udz	1	3.696	5.0769	14	True
8udz	2	3.6067	5.8573	14	True
8udz	3	3.9003	5.9679	14	True
8udz	4	3.6519	5.9048	14	True
8udz	5	3.3965	5.035	14	True
8uky	1	3.4477	4.197	11	True
8uky	2	3.9938	4.7343	11	True
8uky	3	0.6866	1.1704	11	True
8uky	4	3.9664	4.7472	11	True
8uky	5	3.6722	4.2528	11	True
8up2	1	4.7577	0.7214	11	True
8up2	2	4.6402	1.0373	11	True
8up2	3	4.5896	0.5471	11	True
8up2	4	5.0684	0.474	11	True
8up2	5	4.8242	0.7805	11	True
8urf	1	1.707	1.2787	11	True
8urf	2	2.0368	1.419	11	True
8urf	3	2.2351	1.2113	11	True
8urf	4	5.3073	5.079	11	True
8urf	5	1.3753	1.0643	11	True
8uvy	1	0.5528	0.6712	10	False
8uvy	2	0.4444	0.6706	10	False
8uvy	3	0.3796	0.672	10	False
8uvy	4	0.3918	0.7067	10	False
8uvy	5	0.4813	0.6643	10	False
8uw2	1	0.52	0.6317	10	False
8uw2	2	0.3486	0.6286	10	False
8uw2	3	0.3925	0.5639	10	False
8uw2	4	0.4888	0.6311	10	False
8uw2	5	0.4828	0.5868	10	False
8uw7	1	0.4081	0.6421	10	False
8uw7	2	0.3834	0.6658	10	False
8uw7	3	0.472	0.637	10	False
8uw7	4	0.3472	0.6557	10	False
8uw7	5	0.5285	0.6342	10	False
8uw9	1	0.7263	0.4701	10	False
8uw9	2	0.4499	0.4637	10	False
8uw9	3	0.3053	0.4692	10	False
8uw9	4	0.5441	0.4474	10	False
8uw9	5	0.51	0.43	10	False
8v13	1	1.7082	4.1982	11	True
8v13	2	2.4439	5.3897	11	True
8v13	3	2.9277	4.923	11	True
8v13	4	2.5888	4.8485	11	True
8v13	5	6.013	8.8964	11	True
8v52	1	1.6565	1.7042	10	True
8v52	2	1.743	1.7345	10	True
8v52	3	1.6361	1.7028	10	True
8v52	4	1.2521	1.3394	10	True
8v52	5	1.6104	1.6702	10	True
8v5q	1	2.1064	1.1078	15	True
8v5q	2	1.1952	1.0546	15	True
8v5q	3	2.7639	1.2051	15	True
8v5q	4	2.3625	1.0558	15	True
8v5q	5	2.2027	1.1045	15	True
8vrs	1	25.6361	16.2261	8	False
8vrs	2	30.5825	17.7618	8	False
8vrs	3	27.3036	16.6647	8	False
8vrs	4	25.5567	16.3403	8	False
8vrs	5	24.8069	15.5018	8	False
8vtd	1	3.6723	3.7909	12	True
8vtd	2	0.7796	1.0428	12	True
8vtd	3	0.808	1.3645	12	True
8vtd	4	0.6179	0.8477	12	True
8vtd	5	3.7393	3.7678	12	True
8vte	1	1.3788	1.4174	16	True
8vte	2	3.1043	1.0483	16	True
8vte	3	0.9042	1.1135	16	True
8vte	4	1.2683	1.2183	16	True
8vte	5	1.35	1.3875	16	True
8vui	1	3.1843	3.9075	10	True
8vui	2	3.5924	3.8188	10	True
8vui	3	0.9779	0.9392	10	True
8vui	4	3.7491	4.0821	10	True
8vui	5	3.4979	4.0345	10	True
8vvl	1	2.0193	0.9374	14	True
8vvl	2	1.878	0.9353	14	True
8vvl	3	1.8028	0.9634	14	True
8vvl	4	2.511	1.0002	14	True
8vvl	5	1.7687	0.9368	14	True
8w0w	1	3.6099	1.4664	18	True
8w0w	2	1.9444	1.3998	18	True
8w0w	3	4.7499	3.6443	18	True
8w0w	4	1.2805	1.3766	18	True
8w0w	5	1.4198	1.3857	18	True
8w90	1	2.6546	0.5954	17	False
8w90	2	2.2222	0.5971	17	False
8w90	3	2.2369	0.5859	17	False
8w90	4	2.0569	0.5915	17	False
8w90	5	2.621	0.627	17	False
8weo	1	3.2693	1.9645	14	False
8weo	2	3.0696	3.0355	14	False
8weo	3	3.4973	2.2029	14	False
8weo	4	3.5964	3.0173	14	False
8weo	5	3.4293	3.8675	14	False
8x0t	1	2.2831	1.2425	19	True
8x0t	2	2.5379	0.9672	19	True
8x0t	3	2.2767	0.7984	19	True
8x0t	4	3.1523	0.8272	19	True
8x0t	5	2.5882	0.9294	19	True
8x0y	1	4.4179	5.9565	9	True
8x0y	2	4.6065	6.0362	9	True
8x0y	3	4.2574	5.5441	9	True
8x0y	4	3.8658	5.1913	9	True
8x0y	5	3.8349	5.2981	9	True
8xk6	1	1.7126	0.5308	13	True
8xk6	2	1.4883	0.3233	13	True
8xk6	3	1.8015	0.2807	13	True
8xk6	4	1.9785	0.3177	13	True
8xk6	5	1.5385	0.4426	13	True
8y9t	1	3.35	0.6243	19	False
8y9t	2	5.1594	0.5929	19	False
8y9t	3	3.0041	0.5863	19	False
8y9t	4	2.9823	0.5859	19	False
8y9t	5	3.4015	0.5546	19	False
8ybl	1	3.0444	0.8519	21	False
8ybl	2	2.4536	1.0927	21	False
8ybl	3	2.5369	1.2953	21	False
8ybl	4	1.8351	0.937	21	False
8ybl	5	2.7682	1.1272	21	False
8ybm	1	7.7763	1.1191	22	False
8ybm	2	7.4953	1.4267	22	False
8ybm	3	6.9161	1.4607	22	False
8ybm	4	6.8013	1.539	22	False
8ybm	5	6.6062	1.3993	22	False
8ybn	1	2.6681	0.5079	24	False
8ybn	2	2.2839	0.525	24	False
8ybn	3	2.6806	0.5451	24	False
8ybn	4	2.4956	0.5307	24	False
8ybn	5	2.9401	0.5083	24	False
8ybo	1	3.113	0.6083	21	False
8ybo	2	3.5225	0.6548	21	False
8ybo	3	2.5952	0.5492	21	False
8ybo	4	2.4758	0.597	21	False
8ybo	5	3.4112	0.5926	21	False
8ybp	1	1.1864	0.6436	20	False
8ybp	2	2.185	0.8267	20	False
8ybp	3	1.122	0.6389	20	False
8ybp	4	1.1136	0.6594	20	False
8ybp	5	1.0023	0.726	20	False
8yj8	1	2.3828	1.1543	18	False
8yj8	2	2.3146	1.1942	18	False
8yj8	3	2.778	1.1449	18	False
8yj8	4	1.9638	1.1266	18	False
8yj8	5	2.4226	1.1413	18	False
8ykt	1	2.317	1.46	17	True
8ykt	2	6.8937	7.5226	17	True
8ykt	3	10.9136	8.2264	17	True
8ykt	4	2.5356	2.4757	17	True
8ykt	5	10.7111	9.8127	17	True
8ysh	1	5.9054	0.6495	10	False
8ysh	2	4.4986	0.846	10	False
8ysh	3	5.2253	0.7436	10	False
8ysh	4	4.2467	0.903	10	False
8ysh	5	4.5003	0.7471	10	False
8yub	1	7.3975	7.8817	20	True
8yub	2	5.4496	7.0026	20	True
8yub	3	4.8751	7.3341	20	True
8yub	4	6.7643	3.1113	20	True
8yub	5	7.355	3.6914	20	True
8yvj	1	1.8141	2.3422	19	False
8yvj	2	2.1903	2.4514	19	False
8yvj	3	2.0847	2.285	19	False
8yvj	4	2.2533	2.417	19	False
8yvj	5	2.0898	2.2676	19	False
8yvo	1	1.3243	0.5107	22	False
8yvo	2	1.6332	0.5209	22	False
8yvo	3	1.0774	0.5507	22	False
8yvo	4	1.2123	0.5439	22	False
8yvo	5	1.2377	0.4648	22	False
8yxi	1	9.5896	1.4814	15	True
8yxi	2	8.7923	1.4739	15	True
8yxi	3	10.2443	1.3196	15	True
8yxi	4	10.0381	1.7427	15	True
8yxi	5	10.1792	1.454	15	True
8yyz	1	0.9537	0.7125	12	True
8yyz	2	0.9632	0.7081	12	True
8yyz	3	0.8943	0.7193	12	True
8yyz	4	1.056	0.6447	12	True
8yyz	5	0.92	0.7135	12	True
8z2e	1	0.9636	0.5821	10	False
8z2e	2	0.7819	0.4678	10	False
8z2e	3	0.8847	0.4772	10	False
8z2e	4	0.6607	0.4246	10	False
8z2e	5	0.699	0.4503	10	False
8z2v	1	0.9166	0.893	12	True
8z2v	2	1.0554	0.8909	12	True
8z2v	3	0.949	0.8743	12	True
8z2v	4	0.9733	0.9002	12	True
8z2v	5	0.9799	0.9156	12	True
8z39	1	0.3503	0.8466	12	True
8z39	2	0.4502	0.8224	12	True
8z39	3	0.2874	0.7547	12	True
8z39	4	0.3627	0.8353	12	True
8z39	5	0.2962	0.7666	12	True
8z3a	1	0.7116	1.2286	12	True
8z3a	2	0.5042	1.2113	12	True
8z3a	3	0.7003	1.2107	12	True
8z3a	4	0.6578	1.2579	12	True
8z3a	5	0.6443	1.2129	12	True
8z8v	1	2.6198	0.4915	8	False
8z8v	2	2.3245	0.5581	8	False
8z8v	3	2.2745	0.5473	8	False
8z8v	4	1.4028	0.6026	8	False
8z8v	5	1.4632	0.6405	8	False
8zca	1	5.4412	4.7082	15	True
8zca	2	6.08	5.8635	15	True
8zca	3	2.3989	0.8301	15	True
8zca	4	2.4259	0.9507	15	True
8zca	5	4.7829	4.2654	15	True
8zu9	1	3.8234	0.4878	16	True
8zu9	2	1.8439	0.78	16	True
8zu9	3	1.0239	0.6012	16	True
8zu9	4	2.093	0.7685	16	True
8zu9	5	1.1192	0.6831	16	True
9atm	1	2.4142	2.3148	16	True
9atm	2	4.8132	5.8805	16	True
9atm	3	1.3589	1.553	16	True
9atm	4	1.7699	1.4139	16	True
9atm	5	7.118	6.7617	16	True
9au1	1	2.1306	1.241	16	True
9au1	2	2.4007	2.4727	16	True
9au1	3	1.4386	1.8884	16	True
9au1	4	2.4068	1.9897	16	True
9au1	5	9.187	9.5865	16	True
9azr	1	9.0149	8.3646	19	True
9azr	2	8.107	7.9768	19	True
9azr	3	9.3837	9.5719	19	True
9azr	4	8.1704	8.3351	19	True
9azr	5	8.8612	9.3194	19	True
9bdi	1	1.5218	0.7119	22	True
9bdi	2	3.8213	0.8802	22	True
9bdi	3	3.1463	0.9814	22	True
9bdi	4	5.0388	0.7479	22	True
9bdi	5	5.949	1.2231	22	True
9bt5	1	3.455	1.0942	18	True
9bt5	2	3.6017	0.8517	18	True
9bt5	3	3.5013	0.8702	18	True
9bt5	4	3.0353	0.9152	18	True
9bt5	5	3.3894	0.9254	18	True
9cds	1	1.0174	1.1266	6	True
9cds	2	0.7616	0.8137	6	True
9cds	3	0.863	0.7989	6	True
9cds	4	1.124	1.1519	6	True
9cds	5	2.1634	2.0904	6	True
9d41	1	1.8293	0.8171	16	True
9d41	2	1.6156	0.7992	16	True
9d41	3	1.5415	0.6183	16	True
9d41	4	1.498	0.5113	16	True
9d41	5	2.3013	0.9328	16	True
9dbo	1	6.498	3.0396	16	True
9dbo	2	6.5165	3.0237	16	True
9dbo	3	6.0309	3.0096	16	True
9dbo	4	6.086	2.4642	16	True
9dbo	5	6.7559	3.1067	16	True
9dl0	1	4.6333	3.9476	16	True
9dl0	2	3.7065	3.2446	16	True
9dl0	3	4.4111	3.5756	16	True
9dl0	4	5.3527	4.2944	16	True
9dl0	5	2.4701	2.9762	16	True
9dq3	1	1.3622	1.7334	11	True
9dq3	2	1.185	1.7691	11	True
9dq3	3	1.5286	2.0901	11	True
9dq3	4	1.1685	1.561	11	True
9dq3	5	1.409	1.8913	11	True
9dq4	1	1.341	2.0842	11	True
9dq4	2	1.2912	1.9453	11	True
9dq4	3	1.2872	1.8711	11	True
9dq4	4	1.1519	1.8661	11	True
9dq4	5	1.7376	2.267	11	True
9dx6	1	9.4234	0.8199	23	True
9dx6	2	6.9398	3.6037	23	True
9dx6	3	7.6441	4.739	23	True
9dx6	4	7.4916	5.481	23	True
9dx6	5	7.492	4.5676	23	True
9e7n	1	2.403	0.4851	17	False
9e7n	2	1.7237	0.5563	17	False
9e7n	3	2.242	0.4324	17	False
9e7n	4	1.9585	0.5011	17	False
9e7n	5	1.9723	0.4278	17	False
9e7o	1	2.0199	0.7799	14	False
9e7o	2	2.316	0.8215	14	False
9e7o	3	2.3749	0.7011	14	False
9e7o	4	2.1049	0.6852	14	False
9e7o	5	2.2301	0.7337	14	False
9eht	1	1.3264	1.0921	12	True
9eht	2	1.5595	1.0279	12	True
9eht	3	1.5855	0.9828	12	True
9eht	4	1.6143	1.3139	12	True
9eht	5	1.3826	0.8518	12	True
9en2	1	9.9528	1.6626	14	False
9en2	2	10.9817	1.2105	14	False
9en2	3	6.7528	1.3095	14	False
9en2	4	10.4663	1.2591	14	False
9en2	5	10.7487	1.5099	14	False
9ena	1	5.1071	0.7109	23	False
9ena	2	5.2611	0.7749	23	False
9ena	3	5.7597	0.6929	23	False
9ena	4	6.1974	0.7321	23	False
9ena	5	4.7525	0.7046	23	False
9erw	1	4.8218	1.0796	21	False
9erw	2	3.3558	1.0041	21	False
9erw	3	3.0514	1.0188	21	False
9erw	4	5.0959	0.9416	21	False
9erw	5	4.7867	1.0018	21	False
9etl	1	5.0305	0.3353	15	False
9etl	2	5.369	0.3492	15	False
9etl	3	5.7363	0.3162	15	False
9etl	4	5.1673	0.471	15	False
9etl	5	3.9828	0.3482	15	False
9eze	1	0.4468	1.0875	10	True
9eze	2	0.5649	1.1367	10	True
9eze	3	0.7257	1.2461	10	True
9eze	4	0.5928	1.1423	10	True
9eze	5	0.6135	1.2283	10	True
9ezh	1	1.1267	0.8461	18	False
9ezh	2	1.1439	0.8503	18	False
9ezh	3	1.1747	0.8854	18	False
9ezh	4	0.9625	0.8244	18	False
9ezh	5	1.0974	0.872	18	False
9ezi	1	1.1509	0.7789	18	False
9ezi	2	1.2682	0.7727	18	False
9ezi	3	1.0887	0.8132	18	False
9ezi	4	1.2921	0.8232	18	False
9ezi	5	1.0569	0.785	18	False
9ezu	1	1.1588	1.7031	18	False
9ezu	2	0.9946	1.4198	18	False
9ezu	3	1.2179	1.6907	18	False
9ezu	4	1.041	1.546	18	False
9ezu	5	1.2842	1.5328	18	False
9ezv	1	1.1582	0.7592	18	False
9ezv	2	2.0845	0.7644	18	False
9ezv	3	1.0164	0.7989	18	False
9ezv	4	1.0972	0.7857	18	False
9ezv	5	0.9475	0.7797	18	False
9ezw	1	2.0569	0.7298	18	False
9ezw	2	2.1347	0.7037	18	False
9ezw	3	2.0322	0.8358	18	False
9ezw	4	2.0376	0.8521	18	False
9ezw	5	2.1379	0.6863	18	False
9f91	1	6.5432	4.9217	18	True
9f91	2	6.6746	4.0767	18	True
9f91	3	7.5354	4.577	18	True
9f91	4	5.4694	2.6575	18	True
9f91	5	7.9776	5.4144	18	True
9fc2	1	1.8681	0.9322	15	False
9fc2	2	3.3227	0.8745	15	False
9fc2	3	1.508	0.8751	15	False
9fc2	4	2.696	1.0431	15	False
9fc2	5	2.1833	0.7678	15	False
9fik	1	6.873	6.577	23	True
9fik	2	7.7148	6.5425	23	True
9fik	3	8.0877	6.5228	23	True
9fik	4	7.8182	3.1698	23	True
9fik	5	8.4286	6.9537	23	True
9fvb	1	3.8703	0.7024	14	False
9fvb	2	3.1685	0.6984	14	False
9fvb	3	3.8332	0.7445	14	False
9fvb	4	3.9305	0.608	14	False
9fvb	5	4.4337	0.7196	14	False
9fww	1	6.0799	1.6048	16	False
9fww	2	7.0483	1.649	16	False
9fww	3	5.1296	1.6272	16	False
9fww	4	5.8405	1.5316	16	False
9fww	5	5.3544	1.7644	16	False
9fys	1	4.4576	1.1885	24	True
9fys	2	4.8414	1.6873	24	True
9fys	3	5.1625	1.1332	24	True
9fys	4	5.3212	1.6791	24	True
9fys	5	4.5261	1.1919	24	True
9fyt	1	7.5484	0.6335	24	True
9fyt	2	7.6044	0.7687	24	True
9fyt	3	7.5759	0.675	24	True
9fyt	4	4.9845	0.5494	24	True
9fyt	5	7.6679	0.6355	24	True
9fzc	1	5.1915	0.6022	12	False
9fzc	2	4.1266	0.5444	12	False
9fzc	3	3.2152	0.5688	12	False
9fzc	4	4.1532	0.6495	12	False
9fzc	5	7.9486	0.5457	12	False
9fzd	1	1.8651	1.3959	13	False
9fzd	2	1.9835	1.3086	13	False
9fzd	3	3.0024	1.3938	13	False
9fzd	4	2.6295	1.3968	13	False
9fzd	5	2.7846	1.2787	13	False
9g2a	1	2.3249	1.0405	20	False
9g2a	2	1.5228	1.2152	20	False
9g2a	3	2.0303	1.1594	20	False
9g2a	4	1.8306	1.2483	20	False
9g2a	5	1.3908	1.0302	20	False
9g2g	1	2.9905	1.5285	17	False
9g2g	2	2.8865	1.4623	17	False
9g2g	3	2.3013	1.502	17	False
9g2g	4	2.7275	1.6122	17	False
9g2g	5	2.6159	1.4797	17	False
9g48	1	7.3421	0.802	24	False
9g48	2	7.2976	0.8043	24	False
9g48	3	6.7072	0.8374	24	False
9g48	4	6.1178	0.8485	24	False
9g48	5	7.4375	0.8658	24	False
9g5l	1	5.9649	1.3689	26	False
9g5l	2	5.555	1.983	26	False
9g5l	3	5.1924	1.5332	26	False
9g5l	4	5.5134	1.3341	26	False
9g5l	5	5.3775	1.2832	26	False
9g7k	1	3.2614	1.0936	23	False
9g7k	2	3.2948	1.0777	23	False
9g7k	3	3.3635	1.1103	23	False
9g7k	4	3.4113	1.083	23	False
9g7k	5	3.1782	1.0635	23	False
9g97	1	1.4601	0.651	21	False
9g97	2	1.1435	0.8637	21	False
9g97	3	1.0831	0.6332	21	False
9g97	4	1.3027	0.7063	21	False
9g97	5	1.1132	0.8638	21	False
9ggp	1	4.6079	4.6634	15	True
9ggp	2	4.5683	4.9225	15	True
9ggp	3	5.2162	5.3779	15	True
9ggp	4	5.1566	5.1987	15	True
9ggp	5	5.0424	4.9565	15	True
9ghi	1	1.4865	1.3995	13	True
9ghi	2	1.8984	1.8755	13	True
9ghi	3	1.053	1.0615	13	True
9ghi	4	1.3544	1.3092	13	True
9ghi	5	1.802	1.6804	13	True
9ghj	1	1.2617	1.3023	16	True
9ghj	2	1.2684	1.1084	16	True
9ghj	3	1.2551	1.4199	16	True
9ghj	4	1.4112	1.2691	16	True
9ghj	5	1.0478	1.3528	16	True
9glz	1	0.8792	1.6251	18	False
9glz	2	0.8624	1.5851	18	False
9glz	3	1.4712	1.6198	18	False
9glz	4	1.8442	1.561	18	False
9glz	5	1.2113	1.5645	18	False
9gox	1	3.8249	1.3777	14	True
9gox	2	3.8568	1.4102	14	True
9gox	3	5.1492	1.5027	14	True
9gox	4	1.94	1.4985	14	True
9gox	5	4.5526	1.4602	14	True
9gv3	1	0.7712	0.5351	26	False
9gv3	2	0.8713	0.5515	26	False
9gv3	3	0.6974	0.4633	26	False
9gv3	4	0.6436	0.5205	26	False
9gv3	5	0.7257	0.5362	26	False
9gvl	1	33.1112	16.8043	17	False
9gvl	2	34.4839	15.8527	17	False
9gvl	3	28.4749	16.0384	17	False
9gvl	4	28.1737	15.9356	17	False
9gvl	5	31.1498	16.7929	17	False
9gvn	1	1.8923	0.6883	13	True
9gvn	2	1.3224	0.7141	13	True
9gvn	3	1.4302	0.6876	13	True
9gvn	4	1.2556	0.7019	13	True
9gvn	5	1.4844	0.6552	13	True
9gvo	1	19.2429	15.4056	15	False
9gvo	2	35.7967	19.2366	15	False
9gvo	3	24.2621	14.8666	15	False
9gvo	4	33.4484	17.1064	15	False
9gvo	5	27.984	15.7884	15	False
9h1f	1	1.5059	0.597	7	False
9h1f	2	2.0003	0.5748	7	False
9h1f	3	1.2868	0.6185	7	False
9h1f	4	1.0895	0.544	7	False
9h1f	5	1.6879	0.5049	7	False
9h39	1	5.6714	0.8558	15	False
9h39	2	5.8634	0.6627	15	False
9h39	3	7.6362	0.9671	15	False
9h39	4	6.3666	0.9084	15	False
9h39	5	3.7915	0.7501	15	False
9h4r	1	2.0335	0.3216	13	True
9h4r	2	1.0671	0.343	13	True
9h4r	3	0.4086	0.357	13	True
9h4r	4	1.0109	0.3384	13	True
9h4r	5	1.2326	0.3701	13	True
9h4s	1	1.8565	0.493	13	True
9h4s	2	1.7034	0.2434	13	True
9h4s	3	0.519	0.3165	13	True
9h4s	4	0.9479	0.3318	13	True
9h4s	5	1.3354	0.2725	13	True
9h6v	1	3.7864	0.7582	17	False
9h6v	2	3.5183	0.7061	17	False
9h6v	3	2.9156	0.7861	17	False
9h6v	4	3.0176	0.8471	17	False
9h6v	5	2.7864	0.7546	17	False
9h77	1	2.9941	0.3758	13	False
9h77	2	4.0877	0.3442	13	False
9h77	3	3.0303	0.3124	13	False
9h77	4	4.6236	0.3283	13	False
9h77	5	2.8166	0.4152	13	False
9hi4	1	4.826	4.3499	22	True
9hi4	2	4.0876	3.6048	22	True
9hi4	3	4.4709	4.3452	22	True
9hi4	4	3.8613	3.9549	22	True
9hi4	5	4.8982	4.8769	22	True
9hi6	1	2.1816	1.9243	22	True
9hi6	2	1.9308	1.9174	22	True
9hi6	3	2.8561	2.7239	22	True
9hi6	4	4.451	2.3167	22	True
9hi6	5	2.4374	2.188	22	True
9hj9	1	1.2545	1.4069	18	True
9hj9	2	1.4168	0.8969	18	True
9hj9	3	3.8527	0.9571	18	True
9hj9	4	1.0206	1.1479	18	True
9hj9	5	3.0358	0.9004	18	True
9hk1	1	6.0822	4.9735	13	True
9hk1	2	5.3281	5.2344	13	True
9hk1	3	6.1287	5.1414	13	True
9hk1	4	6.0918	5.1837	13	True
9hk1	5	6.1446	5.2686	13	True
9hll	1	2.1773	0.487	16	False
9hll	2	2.3934	0.6995	16	False
9hll	3	1.8087	0.4896	16	False
9hll	4	1.9723	0.6514	16	False
9hll	5	1.5238	0.488	16	False
9hml	1	3.83	0.8723	13	False
9hml	2	2.28	0.7131	13	False
9hml	3	1.2167	0.9612	13	False
9hml	4	1.5454	0.8356	13	False
9hml	5	4.221	0.8041	13	False
9ho4	1	9.9616	1.6717	14	False
9ho4	2	9.4635	3.3476	14	False
9ho4	3	5.0903	2.4958	14	False
9ho4	4	7.5342	3.0203	14	False
9ho4	5	10.0454	3.4538	14	False
9ho5	1	8.6157	2.268	14	False
9ho5	2	9.0223	2.3532	14	False
9ho5	3	8.5092	2.3878	14	False
9ho5	4	8.153	2.3536	14	False
9ho5	5	8.2166	2.3035	14	False
9ho6	1	8.7817	1.1938	14	False
9ho6	2	8.2408	1.1847	14	False
9ho6	3	8.4386	1.2032	14	False
9ho6	4	8.5744	1.1452	14	False
9ho6	5	8.5286	1.1415	14	False
9hub	1	6.2192	1.2584	24	True
9hub	2	4.2466	1.5906	24	True
9hub	3	4.5222	1.3308	24	True
9hub	4	6.1588	1.7082	24	True
9hub	5	7.8611	1.4113	24	True
9huo	1	7.0595	0.7317	24	True
9huo	2	7.9287	0.8733	24	True
9huo	3	6.6627	0.7664	24	True
9huo	4	6.9565	0.6679	24	True
9huo	5	7.0483	0.8125	24	True
9hur	1	0.6912	1.0435	18	False
9hur	2	1.2104	1.0216	18	False
9hur	3	0.714	1.1328	18	False
9hur	4	1.1756	1.2763	18	False
9hur	5	0.9951	0.5631	18	False
9hxo	1	7.0462	0.6805	24	True
9hxo	2	7.979	0.832	24	True
9hxo	3	6.6759	0.6842	24	True
9hxo	4	6.7765	0.6586	24	True
9hxo	5	7.0695	0.7641	24	True
9hzj	1	0.8625	0.4453	18	False
9hzj	2	1.3359	0.4962	18	False
9hzj	3	0.7909	0.4264	18	False
9hzj	4	0.9242	0.5243	18	False
9hzj	5	1.2585	0.4777	18	False
9hzk	1	1.228	0.7858	18	False
9hzk	2	1.0943	0.8082	18	False
9hzk	3	1.4201	0.7524	18	False
9hzk	4	0.9459	0.7839	18	False
9hzk	5	1.208	0.8238	18	False
9i59	1	0.8191	1.3016	12	True
9i59	2	0.8846	1.4486	12	True
9i59	3	1.2286	1.3868	12	True
9i59	4	0.6627	1.0834	12	True
9i59	5	0.7862	1.3262	12	True
9iqp	1	9.3705	0.782	19	False
9iqp	2	6.7969	0.9285	19	False
9iqp	3	8.7138	0.9634	19	False
9iqp	4	9.3403	0.8261	19	False
9iqp	5	9.4146	0.8319	19	False
9jbq	1	4.3447	0.9326	14	True
9jbq	2	4.6481	0.8351	14	True
9jbq	3	3.9875	0.9895	14	True
9jbq	4	4.9353	0.9163	14	True
9jbq	5	4.4002	0.7317	14	True
9jcy	1	2.8294	0.7862	17	True
9jcy	2	2.4112	0.8726	17	True
9jcy	3	2.5165	0.682	17	True
9jcy	4	1.6739	0.5848	17	True
9jcy	5	4.4082	0.5205	17	True
9jd0	1	14.3391	1.5961	16	False
9jd0	2	9.6127	1.5088	16	False
9jd0	3	13.5237	1.579	16	False
9jd0	4	14.1016	1.5764	16	False
9jd0	5	13.6315	1.6015	16	False
9jd1	1	3.9482	1.591	22	True
9jd1	2	9.1829	0.7378	22	True
9jd1	3	10.7867	0.8306	22	True
9jd1	4	9.7299	0.8327	22	True
9jd1	5	10.2169	0.85	22	True
9jeb	1	23.5642	16.6488	17	False
9jeb	2	23.2964	17.1907	17	False
9jeb	3	25.9029	17.0191	17	False
9jeb	4	27.5239	17.6419	17	False
9jeb	5	25.2214	16.2601	17	False
9jno	1	2.9348	1.0208	19	True
9jno	2	4.6809	1.1692	19	True
9jno	3	7.4239	1.0479	19	True
9jno	4	4.6046	1.0694	19	True
9jno	5	3.8877	1.2141	19	True
9jqv	1	0.8593	1.06	14	True
9jqv	2	0.9807	1.1172	14	True
9jqv	3	0.8889	0.9671	14	True
9jqv	4	0.7953	0.9206	14	True
9jqv	5	1.1613	1.1406	14	True
9k6j	1	3.5165	3.739	11	True
9k6j	2	3.3787	3.9465	11	True
9k6j	3	2.2535	1.5863	11	True
9k6j	4	3.1228	3.5916	11	True
9k6j	5	2.0429	1.242	11	True
9kur	1	5.2388	3.364	18	True
9kur	2	5.7956	4.362	18	True
9kur	3	13.1676	8.0725	18	True
9kur	4	10.6122	7.2212	18	True
9kur	5	10.7758	7.4526	18	True
9l9y	1	4.1463	4.4873	7	True
9l9y	2	5.0787	5.4152	7	True
9l9y	3	4.6279	4.7958	7	True
9l9y	4	4.2326	4.6886	7	True
9l9y	5	4.2091	4.6215	7	True
9lad	1	1.3755	1.6156	9	False
9lad	2	1.2552	1.6452	9	False
9lad	3	1.5458	1.2958	9	False
9lad	4	1.1842	1.1584	9	False
9lad	5	1.8484	1.7007	9	False
9lh2	1	4.4684	0.4428	21	False
9lh2	2	3.8162	1.0839	21	False
9lh2	3	7.013	0.5401	21	False
9lh2	4	2.9198	0.8988	21	False
9lh2	5	4.4432	0.4907	21	False
9lme	1	0.5505	0.7214	10	False
9lme	2	0.4828	0.696	10	False
9lme	3	0.6643	0.7096	10	False
9lme	4	0.7351	0.8419	10	False
9lme	5	0.5166	0.652	10	False
9lrf	1	18.9201	11.7848	16	True
9lrf	2	19.8015	10.9607	16	True
9lrf	3	18.8249	11.4245	16	True
9lrf	4	19.3677	11.6298	16	True
9lrf	5	17.9797	10.9473	16	True
9m5b	1	0.8554	1.2616	10	True
9m5b	2	0.729	1.399	10	True
9m5b	3	4.807	5.4103	10	True
9m5b	4	0.8809	1.2316	10	True
9m5b	5	1.0256	1.3993	10	True
9m6j	1	1.6009	0.7356	17	False
9m6j	2	2.7578	0.6634	17	False
9m6j	3	1.0975	0.7881	17	False
9m6j	4	1.5711	1.1507	17	False
9m6j	5	2.2766	0.747	17	False
9m6o	1	1.6103	1.2456	17	False
9m6o	2	2.551	1.1439	17	False
9m6o	3	2.7386	1.3426	17	False
9m6o	4	1.8928	1.3072	17	False
9m6o	5	1.4112	1.0963	17	False
9mer	1	2.6442	2.8731	18	True
9mer	2	2.6179	2.679	18	True
9mer	3	2.524	2.7605	18	True
9mer	4	2.3469	2.6826	18	True
9mer	5	2.8664	2.8649	18	True
9mev	1	1.4023	1.3319	18	True
9mev	2	1.5994	1.0036	18	True
9mev	3	1.0858	0.9009	18	True
9mev	4	3.1191	0.8261	18	True
9mev	5	1.1364	1.3818	18	True
9mic	1	1.6048	1.9764	13	True
9mic	2	1.7682	1.8551	13	True
9mic	3	0.8807	1.1427	13	True
9mic	4	1.7157	2.0922	13	True
9mic	5	2.2697	1.7241	13	True
9mid	1	3.3562	1.376	14	True
9mid	2	3.0016	1.0389	14	True
9mid	3	2.7891	1.2291	14	True
9mid	4	7.6331	10.2921	14	True
9mid	5	3.5407	5.2631	14	True
9mif	1	3.3034	0.8465	16	True
9mif	2	2.8437	0.5114	16	True
9mif	3	2.9947	0.4696	16	True
9mif	4	2.9404	0.4439	16	True
9mif	5	2.5806	0.5297	16	True
9mj3	1	3.6717	2.3694	16	True
9mj3	2	4.3448	1.8914	16	True
9mj3	3	3.1129	2.2456	16	True
9mj3	4	3.9609	1.5314	16	True
9mj3	5	4.0184	1.5049	16	True
9ml8	1	2.3006	2.4277	19	True
9ml8	2	2.9414	2.3171	19	True
9ml8	3	3.031	2.34	19	True
9ml8	4	2.0464	2.3373	19	True
9ml8	5	2.9435	2.2998	19	True
9mqv	1	7.0375	2.4503	22	True
9mqv	2	6.3398	2.5196	22	True
9mqv	3	8.5942	7.8079	22	True
9mqv	4	9.9098	10.2409	22	True
9mqv	5	11.7748	9.9128	22	True
9mxi	1	3.8959	4.9152	19	True
9mxi	2	3.8364	4.8672	19	True
9mxi	3	3.8446	4.9888	19	True
9mxi	4	3.6987	4.6837	19	True
9mxi	5	3.7868	4.4332	19	True
9n8i	1	0.6813	0.8774	17	True
9n8i	2	2.6245	0.8119	17	True
9n8i	3	2.5249	1.7332	17	True
9n8i	4	0.9657	0.9963	17	True
9n8i	5	1.1696	1.1925	17	True
9n8n	1	1.868	1.7109	17	True
9n8n	2	1.7448	1.3399	17	True
9n8n	3	1.557	1.9491	17	True
9n8n	4	2.4471	1.001	17	True
9n8n	5	2.1715	1.1676	17	True
9ncd	1	4.1504	4.39	14	True
9ncd	2	4.4799	4.6055	14	True
9ncd	3	4.9241	4.9592	14	True
9ncd	4	4.2471	4.5304	14	True
9ncd	5	4.5021	4.714	14	True
9njy	1	0.9893	0.676	18	True
9njy	2	0.9153	0.4288	18	True
9njy	3	1.4066	0.4164	18	True
9njy	4	1.5067	0.4145	18	True
9njy	5	1.1511	0.5293	18	True
9npi	1	5.6381	2.5324	15	True
9npi	2	7.1052	2.7964	15	True
9npi	3	7.0636	2.164	15	True
9npi	4	6.7505	2.6083	15	True
9npi	5	6.5812	2.8037	15	True
9oar	1	1.5142	1.3059	17	True
9oar	2	2.8953	1.5481	17	True
9oar	3	3.991	1.4253	17	True
9oar	4	3.6138	1.1649	17	True
9oar	5	3.0383	1.5713	17	True
9obn	1	3.6237	2.1734	18	False
9obn	2	3.6569	3.4865	18	False
9obn	3	3.8786	3.7627	18	False
9obn	4	3.7065	3.722	18	False
9obn	5	3.8566	3.9698	18	False
9pi9	1	2.7203	1.3462	14	True
9pi9	2	2.9964	0.7489	14	True
9pi9	3	2.9335	0.8415	14	True
9pi9	4	2.912	0.6475	14	True
9pi9	5	2.1225	0.8983	14	True
9pru	1	1.3486	0.8868	10	True
9pru	2	1.4216	0.8958	10	True
9pru	3	1.5179	1.1354	10	True
9pru	4	1.4773	1.0883	10	True
9pru	5	1.8709	1.0096	10	True
9pzi	1	3.4301	4.0017	19	True
9pzi	2	4.4669	5.3108	19	True
9pzi	3	3.3745	3.9617	19	True
9pzi	4	3.9243	4.833	19	True
9pzi	5	3.5155	4.4891	19	True
9q8l	1	7.2026	9.9995	8	True
9q8l	2	1.3579	1.098	8	True
9q8l	3	7.7339	10.4848	8	True
9q8l	4	1.2277	1.09	8	True
9q8l	5	6.5769	9.317	8	True
9qrv	1	1.0272	1.3222	19	True
9qrv	2	0.9319	1.3207	19	True
9qrv	3	0.8387	0.8308	19	True
9qrv	4	0.7012	0.9451	19	True
9qrv	5	0.8919	1.5794	19	True
9rit	1	4.4082	1.4063	12	False
9rit	2	4.2845	1.393	12	False
9rit	3	4.0765	1.3694	12	False
9rit	4	4.5225	1.3339	12	False
9rit	5	4.2209	1.4393	12	False
9riu	1	0.7815	1.8668	12	False
9riu	2	0.691	1.6507	12	False
9riu	3	0.8653	1.8966	12	False
9riu	4	0.6299	1.7352	12	False
9riu	5	0.8412	1.7868	12	False
9rm2	1	4.1422	1.8958	15	True
9rm2	2	3.5612	1.679	15	True
9rm2	3	3.8588	0.9881	15	True
9rm2	4	2.8426	1.3154	15	True
9rm2	5	3.5756	1.0664	15	True
9rn6	1	4.1193	1.3922	11	False
9rn6	2	4.398	2.5253	11	False
9rn6	3	4.2411	1.4787	11	False
9rn6	4	4.9819	2.6465	11	False
9rn6	5	4.5621	1.4835	11	False
9th6	1	2.5442	0.8978	16	False
9th6	2	2.9694	0.8835	16	False
9th6	3	2.6659	1.1585	16	False
9th6	4	3.5208	0.984	16	False
9th6	5	3.8522	1.0073	16	False
9u8g	1	1.4989	1.2432	14	False
9u8g	2	1.1697	1.3366	14	False
9u8g	3	1.6154	1.3139	14	False
9u8g	4	1.7506	1.3457	14	False
9u8g	5	2.3984	1.2941	14	False
9uk5	1	4.3434	4.1095	12	True
9uk5	2	4.6401	3.1736	12	True
9uk5	3	6.299	4.0845	12	True
9uk5	4	5.6699	4.1066	12	True
9uk5	5	5.7444	4.5521	12	True
9uvi	1	1.6207	0.4048	12	True
9uvi	2	1.4983	0.416	12	True
9uvi	3	1.2448	0.3886	12	True
9uvi	4	1.4325	0.4083	12	True
9uvi	5	1.5727	0.4154	12	True
9uzb	1	2.0839	2.0985	11	True
9uzb	2	2.3873	2.4245	11	True
9uzb	3	2.7125	2.8137	11	True
9uzb	4	2.5847	2.5072	11	True
9uzb	5	2.7743	2.0906	11	True
9uzc	1	2.2988	2.2743	11	True
9uzc	2	2.6246	2.2283	11	True
9uzc	3	2.478	2.6599	11	True
9uzc	4	2.1132	2.2771	11	True
9uzc	5	2.2828	2.3959	11	True
9uzd	1	2.8533	2.512	11	True
9uzd	2	2.2242	2.3615	11	True
9uzd	3	1.9093	2.5727	11	True
9uzd	4	1.5821	2.177	11	True
9uzd	5	2.1017	2.4005	11	True
9uze	1	1.903	1.9904	11	True
9uze	2	2.313	2.436	11	True
9uze	3	2.2503	2.4165	11	True
9uze	4	2.2047	2.3531	11	True
9uze	5	2.8669	2.1189	11	True
9uzf	1	2.1307	2.1179	11	True
9uzf	2	2.4066	2.4358	11	True
9uzf	3	2.711	2.9095	11	True
9uzf	4	2.1515	2.2113	11	True
9uzf	5	2.4516	2.6695	11	True
9uzg	1	2.6516	2.2938	11	True
9uzg	2	2.4075	2.3583	11	True
9uzg	3	2.5092	2.5931	11	True
9uzg	4	2.4092	2.3157	11	True
9uzg	5	2.9617	2.382	11	True
9uzh	1	2.189	2.1872	11	True
9uzh	2	2.3938	2.4302	11	True
9uzh	3	2.3047	2.701	11	True
9uzh	4	2.1481	2.3293	11	True
9uzh	5	2.6139	2.6922	11	True
9uzi	1	2.1547	2.0633	11	True
9uzi	2	2.4541	2.3923	11	True
9uzi	3	2.7767	2.7879	11	True
9uzi	4	2.6512	2.4756	11	True
9uzi	5	2.7939	2.0604	11	True
9vdy	1	1.7536	0.9346	13	True
9vdy	2	1.8406	1.0016	13	True
9vdy	3	2.1458	1.0071	13	True
9vdy	4	1.5041	1.01	13	True
9vdy	5	2.3468	1.0361	13	True
9vdz	1	2.1067	1.1216	13	True
9vdz	2	1.6488	1.1097	13	True
9vdz	3	1.394	1.0393	13	True
9vdz	4	1.9652	1.0999	13	True
9vdz	5	1.8727	1.2796	13	True
9vjj	1	2.78	0.3856	16	True
9vjj	2	2.7821	0.3381	16	True
9vjj	3	4.8822	0.3644	16	True
9vjj	4	4.6289	0.3524	16	True
9vjj	5	3.4241	0.4081	16	True
9vp0	1	4.4257	4.1943	12	True
9vp0	2	4.9078	3.4095	12	True
9vp0	3	6.1914	4.1462	12	True
9vp0	4	5.7392	4.1362	12	True
9vp0	5	5.8988	4.585	12	True
9y0a	1	2.9328	0.9457	16	True
9y0a	2	3.1053	0.8468	16	True
9y0a	3	2.9823	1.1237	16	True
9y0a	4	2.7221	0.7552	16	True
9y0a	5	5.8897	0.863	16	True
9yio	1	4.0335	3.5385	14	True
9yio	2	4.3842	3.7867	14	True
9yio	3	4.2748	3.4616	14	True
9yio	4	2.0808	2.2532	14	True
9yio	5	4.6284	4.0758	14	True
