pdb	cdr_h3_len	n_contact	n_noncontact	contact_fraction	contact_flags
7y3o	17	8	9	0.47058823529411764	False,False,False,False,True,True,True,True,True,True,True,True,False,False,False,False,False
7yds	12	5	7	0.4166666666666667	False,False,True,True,False,False,True,True,True,False,False,False
7yv1	13	4	9	0.3076923076923077	False,False,False,False,True,True,True,True,False,False,False,False,False
7z1x	12	10	2	0.8333333333333334	False,False,True,True,True,True,True,True,True,True,True,True
7zau	17	4	13	0.23529411764705882	False,False,False,False,True,True,True,False,False,True,False,False,False,False,False,False,False
7zoz	15	7	8	0.4666666666666667	False,False,True,False,True,True,True,True,True,False,True,False,False,False,False
8a44	16	12	4	0.75	False,True,False,True,True,True,True,True,True,True,True,True,True,False,True,False
8acf	11	5	6	0.45454545454545453	False,False,True,True,True,True,True,False,False,False,False
8aci	11	5	6	0.45454545454545453	False,False,True,True,True,True,True,False,False,False,False
8aok	20	8	12	0.4	False,False,True,True,True,True,True,True,True,False,False,True,False,False,False,False,False,False,False,False
8aom	12	7	5	0.5833333333333334	True,False,True,False,True,False,False,True,True,True,True,False
8apy	14	8	6	0.5714285714285714	False,False,True,False,True,True,True,True,True,True,True,False,False,False
8b17	17	13	4	0.7647058823529411	False,False,True,True,True,True,True,True,True,True,True,False,True,True,True,True,False
8b18	17	13	4	0.7647058823529411	False,False,True,True,True,True,True,True,True,True,True,False,True,True,True,True,False
8b19	17	12	5	0.7058823529411765	False,False,True,True,True,True,True,True,True,True,True,False,True,True,False,True,False
8b1a	17	13	4	0.7647058823529411	False,False,True,True,True,True,True,True,True,True,True,False,True,True,True,True,False
8b1d	17	12	5	0.7058823529411765	False,False,True,True,True,True,True,True,True,True,True,False,True,True,False,True,False
8b1e	17	12	5	0.7058823529411765	False,False,True,True,True,True,True,True,True,True,True,False,True,True,False,True,False
8b1f	17	13	4	0.7647058823529411	False,False,True,True,True,True,True,True,True,True,True,False,True,True,True,True,False
8b1g	17	12	5	0.7058823529411765	False,False,True,True,True,True,True,True,True,True,True,False,True,True,False,True,False
8b7h	17	5	12	0.29411764705882354	False,False,False,False,False,False,False,True,True,True,True,True,False,False,False,False,False
8be2	11	6	5	0.5454545454545454	False,False,True,True,True,True,True,True,False,False,False
8bec	12	7	5	0.5833333333333334	False,True,False,True,True,True,True,False,False,False,True,True
8bg2	13	5	8	0.38461538461538464	False,True,False,False,True,True,True,False,True,False,False,False,False
8bg3	12	7	5	0.5833333333333334	False,True,False,True,False,True,True,True,False,False,True,True
8bg4	11	6	5	0.5454545454545454	False,True,False,True,True,True,True,False,False,True,False
8bg5	12	6	6	0.5	False,True,False,True,True,True,True,False,False,False,False,True
8bk2	9	5	4	0.5555555555555556	False,False,True,True,True,True,False,True,False
8byu	14	5	9	0.35714285714285715	False,False,False,True,True,True,True,True,False,False,False,False,False,False
8c3k	5	3	2	0.6	False,True,True,True,False
8c5h	10	2	8	0.2	False,False,False,True,True,False,False,False,False,False
8cbf	11	5	6	0.45454545454545453	False,False,False,False,True,True,True,True,True,False,False
8d9y	20	9	11	0.45	False,True,False,False,True,True,True,True,True,True,False,False,True,False,False,True,False,False,False,False
8d9z	20	8	12	0.4	False,False,False,False,True,True,True,True,True,True,False,False,True,False,False,True,False,False,False,False
8da0	20	9	11	0.45	False,False,False,False,True,True,True,True,True,True,False,True,True,False,False,True,False,False,False,False
8ee2	14	9	5	0.6428571428571429	False,False,True,True,True,True,True,True,True,True,True,False,False,False
8eln	13	7	6	0.5384615384615384	False,False,True,True,True,True,True,True,False,True,False,False,False
8elq	20	11	9	0.55	False,True,False,True,True,True,True,True,True,False,False,False,False,False,False,True,True,True,True,False
8et0	12	7	5	0.5833333333333334	False,False,False,False,True,True,True,True,True,True,False,True
8evd	17	0	17	0.0	False,False,False,False,False,False,False,False,False,False,False,False,False,False,False,False,False
8ezk	15	6	9	0.4	False,False,False,False,True,True,True,True,True,True,False,False,False,False,False
8ezl	24	12	12	0.5	False,False,False,False,False,False,True,True,True,True,True,False,False,True,True,True,True,True,True,True,False,False,False,False
8ezm	12	5	7	0.4166666666666667	False,False,False,True,True,True,True,True,False,False,False,False
8f5i	15	4	11	0.26666666666666666	False,False,True,True,True,False,False,False,False,False,True,False,False,False,False
8f6u	17	0	17	0.0	False,False,False,False,False,False,False,False,False,False,False,False,False,False,False,False,False
8f6v	20	9	11	0.45	False,True,True,True,True,True,True,True,False,False,False,False,False,False,False,True,True,False,False,False
8fdo	25	11	14	0.44	False,False,False,False,True,False,False,True,True,False,False,True,True,True,True,True,False,True,True,True,False,False,False,False,False
8fxv	11	7	4	0.6363636363636364	False,False,True,True,True,True,True,True,True,False,False
8g0i	10	7	3	0.7	False,False,True,True,True,True,True,True,True,False
8g4p	19	6	13	0.3157894736842105	False,False,False,True,True,True,True,False,False,False,False,False,True,False,True,False,False,False,False
8gjr	13	7	6	0.5384615384615384	False,False,True,True,True,True,True,True,False,True,False,False,False
8gy5	10	4	6	0.4	False,False,True,True,True,True,False,False,False,False
8gye	11	5	6	0.45454545454545453	False,False,True,True,True,True,True,False,False,False,False
8h5t	15	9	6	0.6	False,False,True,True,True,True,True,True,True,True,True,False,False,False,False
8h5u	5	3	2	0.6	True,False,True,True,False
8h63	14	9	5	0.6428571428571429	False,False,False,True,True,True,True,True,True,True,True,False,False,True
8h64	18	11	7	0.6111111111111112	False,False,True,True,True,True,True,True,True,True,True,True,True,False,False,False,False,False
8hes	18	10	8	0.5555555555555556	False,True,True,False,False,False,True,True,True,True,False,True,False,True,False,False,True,True
8hr2	21	8	13	0.38095238095238093	False,False,False,False,True,True,True,True,True,False,False,False,True,True,False,False,False,True,False,False,False
8idi	22	6	16	0.2727272727272727	False,False,False,False,True,True,True,True,False,True,True,False,False,False,False,False,False,False,False,False,False,False
8ido	22	11	11	0.5	False,False,False,True,True,True,True,True,False,False,True,False,False,True,True,False,False,True,True,False,True,False
8im0	15	10	5	0.6666666666666666	False,False,True,True,True,True,True,False,False,False,True,True,True,True,True
8im1	19	3	16	0.15789473684210525	False,False,False,True,True,True,False,False,False,False,False,False,False,False,False,False,False,False,False
8ipc	10	6	4	0.6	False,False,True,True,True,True,True,True,False,False
8jel	12	5	7	0.4166666666666667	False,False,True,False,True,True,True,True,False,False,False,False
8jeo	16	5	11	0.3125	False,False,False,False,False,False,True,True,True,True,True,False,False,False,False,False
8jyr	13	3	10	0.23076923076923078	False,False,True,False,True,False,False,False,True,False,False,False,False
8k33	9	4	5	0.4444444444444444	False,False,True,True,True,True,False,False,False
8k3k	16	1	15	0.0625	False,True,False,False,False,False,False,False,False,False,False,False,False,False,False,False
8k3l	20	10	10	0.5	False,False,False,True,True,True,True,True,True,False,False,False,False,False,False,True,True,False,True,True
8opr	15	10	5	0.6666666666666666	False,True,True,True,True,True,True,False,False,False,False,True,True,True,True
8oww	17	9	8	0.5294117647058824	False,False,True,True,True,True,True,True,True,False,False,False,True,True,False,False,False
8oxv	15	6	9	0.4	False,False,False,True,False,True,True,True,True,True,False,False,False,False,False
8oxw	15	7	8	0.4666666666666667	False,False,False,True,True,True,True,True,True,True,False,False,False,False,False
8oxx	15	6	9	0.4	False,False,False,False,True,True,True,True,True,True,False,False,False,False,False
8oxy	15	6	9	0.4	False,False,False,False,True,True,True,True,True,True,False,False,False,False,False
8ozb	14	7	7	0.5	True,False,True,False,False,False,False,False,True,True,True,True,True,False
8pe1	16	9	7	0.5625	False,False,True,True,True,True,True,True,True,True,False,True,False,False,False,False
8pe2	15	8	7	0.5333333333333333	False,False,True,False,True,False,False,True,True,True,True,True,False,True,False
8pih	20	11	9	0.55	False,False,True,False,True,True,True,True,True,True,True,True,True,True,False,False,False,False,False,False
8pmz	17	6	11	0.35294117647058826	False,False,False,False,True,True,True,True,False,True,False,False,True,False,False,False,False
8pwv	10	5	5	0.5	False,True,False,False,True,True,True,True,False,False
8pww	13	7	6	0.5384615384615384	False,True,False,True,True,True,True,True,False,False,False,True,False
8pyr	8	8	0	1.0	True,True,True,True,True,True,True,True
8q3j	19	10	9	0.5263157894736842	False,False,True,False,True,True,True,True,True,False,False,True,True,True,True,False,False,False,False
8q6r	13	7	6	0.5384615384615384	True,False,True,True,True,True,True,False,False,False,False,True,False
8q7o	13	7	6	0.5384615384615384	True,False,True,False,True,False,True,True,False,True,False,True,False
8q94	20	15	5	0.75	False,False,True,True,True,True,True,True,False,True,True,False,False,True,True,True,True,True,True,True
8q95	20	14	6	0.7	False,False,True,True,True,True,True,True,False,True,True,False,False,True,False,True,True,True,True,True
8qf4	19	11	8	0.5789473684210527	False,False,True,True,True,True,True,True,True,True,True,True,True,False,False,False,False,False,False
8qf5	12	11	1	0.9166666666666666	False,True,True,True,True,True,True,True,True,True,True,True
8qgx	16	11	5	0.6875	False,False,False,True,True,True,True,True,False,False,True,True,True,True,True,True
8qh0	11	6	5	0.5454545454545454	False,True,False,True,True,True,True,False,False,True,False
8qrg	17	10	7	0.5882352941176471	False,False,False,True,True,True,True,True,True,True,True,False,True,True,False,False,False
8qz3	20	6	14	0.3	False,False,False,False,False,True,True,True,True,True,True,False,False,False,False,False,False,False,False,False
8r4n	15	4	11	0.26666666666666666	False,False,False,False,False,False,True,True,True,True,False,False,False,False,False
8r4u	12	4	8	0.3333333333333333	False,False,True,False,True,False,True,True,False,False,False,False
8rby	13	9	4	0.6923076923076923	False,True,True,True,False,True,True,True,True,True,False,False,True
8rj7	14	9	5	0.6428571428571429	False,False,False,True,False,False,True,True,True,True,True,True,True,True
8rp8	9	2	7	0.2222222222222222	False,False,False,True,False,True,False,False,False
8rw9	18	0	18	0.0	False,False,False,False,False,False,False,False,False,False,False,False,False,False,False,False,False,False
8rwb	9	3	6	0.3333333333333333	False,False,True,True,True,False,False,False,False
8rz0	22	12	10	0.5454545454545454	False,True,False,False,True,True,False,False,True,True,True,False,False,True,True,True,True,True,False,False,True,False
8rz1	13	4	9	0.3076923076923077	False,False,False,True,True,True,True,False,False,False,False,False,False
8rz2	13	5	8	0.38461538461538464	False,True,False,True,True,True,True,False,False,False,False,False,False
8s0l	21	14	7	0.6666666666666666	False,True,True,True,True,True,True,True,True,True,False,False,True,False,True,False,False,False,True,True,True
8s0n	21	12	9	0.5714285714285714	False,False,True,True,True,True,True,True,True,True,False,False,True,False,False,False,False,False,True,True,True
8s6m	16	10	6	0.625	False,True,False,True,True,True,True,True,True,True,True,True,False,False,False,False
8s79	8	2	6	0.25	False,False,True,True,False,False,False,False
8sdf	20	9	11	0.45	False,False,False,False,True,False,True,True,True,True,True,True,False,True,False,True,False,False,False,False
8sfs	20	7	13	0.35	False,False,True,True,True,True,True,True,True,False,False,False,False,False,False,False,False,False,False,False
8sfx	17	10	7	0.5882352941176471	False,False,True,False,True,True,True,True,True,True,True,True,False,True,False,False,False
8sfz	17	5	12	0.29411764705882354	False,False,False,False,True,True,True,True,True,False,False,False,False,False,False,False,False
8sgn	13	4	9	0.3076923076923077	False,False,False,True,True,True,True,False,False,False,False,False,False
8siq	21	10	11	0.47619047619047616	False,False,False,True,True,True,True,True,True,True,True,False,False,False,False,True,False,True,False,False,False
8sk5	19	12	7	0.631578947368421	False,False,True,True,True,True,True,True,True,True,False,True,True,False,False,True,False,True,False
8slb	23	10	13	0.43478260869565216	False,False,False,False,True,False,True,False,True,False,True,True,True,True,False,True,True,True,False,False,False,False,False
8sos	20	11	9	0.55	False,False,True,True,True,True,True,True,True,False,False,False,False,True,False,False,True,True,True,False
8sow	8	5	3	0.625	False,True,True,True,True,True,False,False
8soz	8	5	3	0.625	False,True,True,True,True,True,False,False
8szy	10	4	6	0.4	False,False,True,True,True,True,False,False,False,False
8tbb	16	6	10	0.375	False,False,False,False,False,False,True,True,True,True,True,True,False,False,False,False
8tft	15	6	9	0.4	False,False,False,False,True,True,True,True,True,False,True,False,False,False,False
8trs	8	3	5	0.375	False,False,True,True,True,False,False,False
8ts0	15	7	8	0.4666666666666667	False,False,True,False,True,True,True,True,True,False,True,False,False,False,False
8tuz	15	9	6	0.6	False,True,False,True,True,True,True,False,True,True,False,False,False,True,True
8tv3	14	7	7	0.5	False,False,False,True,True,True,True,True,False,True,False,False,True,False
8u08	22	9	13	0.4090909090909091	False,False,False,False,True,True,True,True,True,True,False,True,False,True,True,False,False,False,False,False,False,False
8u3s	11	2	9	0.18181818181818182	False,False,False,False,False,False,False,False,True,False,True
8udz	14	5	9	0.35714285714285715	False,True,False,True,True,False,False,True,True,False,False,False,False,False
8uky	11	5	6	0.45454545454545453	False,False,True,True,True,True,True,False,False,False,False
8up2	11	5	6	0.45454545454545453	False,False,True,False,True,True,True,True,False,False,False
8urf	11	3	8	0.2727272727272727	False,False,False,True,True,True,False,False,False,False,False
8uvy	10	6	4	0.6	False,True,True,True,False,True,True,True,False,False
8uw2	10	7	3	0.7	True,True,True,True,False,True,True,True,False,False
8uw7	10	7	3	0.7	True,True,True,True,False,True,True,True,False,False
8uw9	10	7	3	0.7	True,True,True,True,False,True,True,True,False,False
8v13	11	5	6	0.45454545454545453	False,False,True,True,True,True,True,False,False,False,False
8v52	10	4	6	0.4	False,False,True,True,True,True,False,False,False,False
8v5q	15	6	9	0.4	False,False,False,False,True,True,True,True,False,True,True,False,False,False,False
8vrs	8	5	3	0.625	False,False,True,True,True,True,True,False
8vtd	12	5	7	0.4166666666666667	False,False,False,True,True,True,True,True,False,False,False,False
8vte	16	5	11	0.3125	False,False,False,False,False,False,True,True,True,True,True,False,False,False,False,False
8vui	10	6	4	0.6	False,True,True,True,True,True,False,False,True,False
8vvl	14	7	7	0.5	False,False,True,False,True,True,True,True,True,True,False,False,False,False
8w0w	18	10	8	0.5555555555555556	False,False,False,True,True,True,True,True,True,True,True,True,True,False,False,False,False,False
8w90	17	8	9	0.47058823529411764	False,False,False,False,False,True,True,True,True,True,True,True,True,False,False,False,False
8weo	14	9	5	0.6428571428571429	False,False,True,True,True,True,True,True,True,True,True,False,False,False
8x0t	19	9	10	0.47368421052631576	False,False,False,False,False,True,True,True,True,True,True,True,True,True,False,False,False,False,False
8x0y	9	7	2	0.7777777777777778	False,True,True,True,True,True,False,True,True
8xk6	13	7	6	0.5384615384615384	False,True,False,True,True,True,True,True,True,False,False,False,False
8y9t	19	13	6	0.6842105263157895	False,False,True,False,False,True,True,True,True,True,True,True,True,True,True,True,False,True,False
8ybl	21	10	11	0.47619047619047616	False,False,False,True,True,True,True,True,True,True,False,True,False,False,False,False,False,False,False,True,True
8ybm	22	14	8	0.6363636363636364	False,False,False,True,True,True,True,True,True,True,True,True,True,True,False,True,False,True,True,False,False,False
8ybn	24	7	17	0.2916666666666667	False,False,False,False,False,False,True,True,True,True,True,True,True,False,False,False,False,False,False,False,False,False,False,False
8ybo	21	6	15	0.2857142857142857	False,False,False,False,True,True,True,True,True,False,False,True,False,False,False,False,False,False,False,False,False
8ybp	20	9	11	0.45	False,False,True,True,False,True,True,True,True,True,False,True,False,False,False,False,True,False,False,False
8yj8	18	10	8	0.5555555555555556	False,False,True,True,True,True,True,True,True,True,True,False,True,False,False,False,False,False
8ykt	17	8	9	0.47058823529411764	False,False,False,False,True,True,True,True,True,True,True,False,True,False,False,False,False
8ysh	10	2	8	0.2	False,False,True,False,False,True,False,False,False,False
8yub	20	10	10	0.5	False,False,False,False,True,True,True,True,True,True,True,True,False,True,False,True,False,False,False,False
8yvj	19	1	18	0.05263157894736842	False,False,False,False,False,False,False,False,True,False,False,False,False,False,False,False,False,False,False
8yvo	22	8	14	0.36363636363636365	False,False,False,False,False,True,True,True,True,True,False,False,True,False,False,False,False,True,True,False,False,False
8yxi	15	3	12	0.2	False,False,False,False,True,False,True,False,False,True,False,False,False,False,False
8yyz	12	5	7	0.4166666666666667	False,False,False,True,True,True,True,True,False,False,False,False
8z2e	10	7	3	0.7	False,False,True,True,True,True,True,True,True,False
8z2v	12	6	6	0.5	False,False,False,True,True,True,True,True,False,False,True,False
8z39	12	5	7	0.4166666666666667	False,False,False,True,True,True,True,True,False,False,False,False
8z3a	12	5	7	0.4166666666666667	False,False,False,True,True,True,True,True,False,False,False,False
8z8v	8	6	2	0.75	False,True,True,True,True,True,True,False
8zca	15	5	10	0.3333333333333333	False,False,False,True,False,True,True,True,True,False,False,False,False,False,False
8zu9	16	5	11	0.3125	False,False,False,False,False,False,False,True,True,True,True,True,False,False,False,False
9atm	16	10	6	0.625	False,True,False,True,True,True,True,True,True,True,True,True,False,False,False,False
9au1	16	10	6	0.625	False,True,False,True,True,True,True,True,True,True,True,True,False,False,False,False
9azr	19	8	11	0.42105263157894735	False,False,False,False,False,True,True,True,True,True,True,False,True,False,True,False,False,False,False
9bdi	22	5	17	0.22727272727272727	False,False,False,False,False,False,False,True,False,True,True,False,True,False,True,False,False,False,False,False,False,False
9bt5	18	4	14	0.2222222222222222	False,False,False,False,True,True,True,True,False,False,False,False,False,False,False,False,False,False
9cds	6	4	2	0.6666666666666666	False,True,True,True,True,False
9d41	16	8	8	0.5	False,False,True,True,True,True,True,True,False,True,True,False,False,False,False,False
9dbo	16	6	10	0.375	False,False,False,False,True,False,True,True,True,True,False,True,False,False,False,False
9dl0	16	6	10	0.375	False,False,True,False,False,False,False,True,True,True,True,True,False,False,False,False
9dq3	11	3	8	0.2727272727272727	False,False,False,False,True,True,True,False,False,False,False
9dq4	11	4	7	0.36363636363636365	False,False,False,True,True,True,True,False,False,False,False
9dx6	23	12	11	0.5217391304347826	False,False,False,True,False,True,True,True,True,True,True,False,False,False,True,True,True,True,False,True,False,False,False
9e7n	17	7	10	0.4117647058823529	False,False,False,True,True,True,True,True,True,True,False,False,False,False,False,False,False
9e7o	14	7	7	0.5	False,False,False,True,True,True,True,True,True,False,False,True,False,False
9eht	12	7	5	0.5833333333333334	False,False,True,True,True,True,True,True,True,False,False,False
9en2	14	7	7	0.5	False,False,True,False,False,False,True,True,False,True,True,True,False,True
9ena	23	14	9	0.6086956521739131	False,False,False,True,True,True,False,True,True,True,True,True,True,True,True,True,False,False,True,True,False,False,False
9erw	21	13	8	0.6190476190476191	False,False,True,True,True,True,True,True,False,False,True,False,True,False,False,True,True,True,True,True,False
9etl	15	11	4	0.7333333333333333	False,False,True,True,True,True,True,True,True,True,True,True,True,False,False
9eze	10	5	5	0.5	False,True,False,True,True,False,True,False,True,False
9ezh	18	11	7	0.6111111111111112	False,False,False,True,True,True,True,True,True,False,True,True,False,True,True,False,False,True
9ezi	18	10	8	0.5555555555555556	False,False,False,True,True,True,True,True,True,False,False,True,False,True,True,False,False,True
9ezu	18	9	9	0.5	False,False,False,True,True,True,True,True,True,False,False,True,False,True,True,False,False,False
9ezv	18	9	9	0.5	False,False,False,True,True,True,True,True,True,False,False,True,False,True,True,False,False,False
9ezw	18	11	7	0.6111111111111112	False,False,False,True,True,True,True,True,True,False,False,True,False,True,True,False,True,True
9f91	18	7	11	0.3888888888888889	False,False,True,False,True,False,False,True,True,True,False,True,False,True,False,False,False,False
9fc2	15	6	9	0.4	False,False,True,False,False,False,False,False,False,False,True,True,True,True,True
9fik	23	2	21	0.08695652173913043	False,False,False,False,False,False,False,False,False,False,False,False,False,False,False,True,True,False,False,False,False,False,False
9fvb	14	9	5	0.6428571428571429	False,False,True,True,True,True,True,True,True,True,False,False,True,False
9fww	16	6	10	0.375	False,False,False,False,True,True,True,True,True,True,False,False,False,False,False,False
9fys	24	15	9	0.625	False,False,True,False,True,True,True,True,False,False,True,True,True,True,True,True,True,True,True,True,False,False,False,False
9fyt	24	16	8	0.6666666666666666	False,False,True,False,True,True,True,True,True,False,True,True,True,True,True,True,True,True,True,True,False,False,False,False
9fzc	12	7	5	0.5833333333333334	False,False,True,True,True,True,True,True,False,True,False,False
9fzd	13	8	5	0.6153846153846154	False,False,False,True,False,True,True,True,True,False,True,True,True
9g2a	20	11	9	0.55	False,False,True,True,True,False,False,True,True,False,False,False,True,True,True,False,True,True,True,False
9g2g	17	4	13	0.23529411764705882	False,False,False,False,False,False,True,True,True,True,False,False,False,False,False,False,False
9g48	24	11	13	0.4583333333333333	False,False,True,False,False,True,False,True,True,False,False,False,False,True,False,False,True,False,True,True,True,True,True,False
9g5l	26	9	17	0.34615384615384615	False,False,True,False,True,False,False,True,True,False,False,True,True,False,False,False,False,False,False,False,False,False,True,True,True,False
9g7k	23	11	12	0.4782608695652174	False,False,True,True,False,True,True,True,True,True,True,True,True,False,False,False,False,False,False,False,False,True,False
9g97	21	13	8	0.6190476190476191	False,False,False,False,False,True,True,True,True,True,True,True,False,False,True,True,True,True,False,True,True
9ggp	15	8	7	0.5333333333333333	False,True,False,True,True,False,True,True,True,False,True,False,False,False,True
9ghi	13	5	8	0.38461538461538464	False,False,False,False,True,True,True,True,False,True,False,False,False
9ghj	16	7	9	0.4375	False,False,False,False,True,False,True,True,True,True,True,True,False,False,False,False
9glz	18	7	11	0.3888888888888889	False,False,False,False,False,True,True,True,True,True,True,True,False,False,False,False,False,False
9gox	14	4	10	0.2857142857142857	False,False,False,False,True,True,True,False,False,True,False,False,False,False
9gv3	26	10	16	0.38461538461538464	False,False,True,True,True,True,False,True,True,True,False,False,False,False,True,False,False,False,False,False,False,False,False,False,True,True
9gvl	17	7	10	0.4117647058823529	False,False,True,False,False,False,True,True,True,True,True,True,False,False,False,False,False
9gvn	13	8	5	0.6153846153846154	False,False,True,True,True,True,True,True,True,True,False,False,False
9gvo	15	6	9	0.4	False,False,False,False,True,True,True,True,True,True,False,False,False,False,False
9h1f	7	4	3	0.5714285714285714	False,False,True,True,True,True,False
9h39	15	3	12	0.2	False,False,False,False,False,True,True,True,False,False,False,False,False,False,False
9h4r	13	3	10	0.23076923076923078	False,False,False,False,True,False,False,True,True,False,False,False,False
9h4s	13	4	9	0.3076923076923077	False,False,False,False,True,True,False,True,True,False,False,False,False
9h6v	17	9	8	0.5294117647058824	False,False,True,True,True,True,True,True,True,True,True,False,False,False,False,False,False
9h77	13	4	9	0.3076923076923077	False,False,False,True,True,True,True,False,False,False,False,False,False
9hi4	22	8	14	0.36363636363636365	False,False,False,False,False,True,True,False,True,False,True,True,False,True,True,True,False,False,False,False,False,False
9hi6	22	8	14	0.36363636363636365	False,False,False,False,False,True,True,False,True,False,True,True,False,True,True,True,False,False,False,False,False,False
9hj9	18	8	10	0.4444444444444444	False,True,False,True,True,True,True,True,True,False,False,False,False,False,False,False,True,False
9hk1	13	6	7	0.46153846153846156	False,False,True,True,True,True,False,True,True,False,False,False,False
9hll	16	4	12	0.25	False,False,False,True,True,True,True,False,False,False,False,False,False,False,False,False
9hml	13	10	3	0.7692307692307693	False,False,True,True,True,True,True,True,True,True,False,True,True
9ho4	14	4	10	0.2857142857142857	False,False,True,True,True,False,False,False,False,False,False,False,True,False
9ho5	14	3	11	0.21428571428571427	False,False,True,True,True,False,False,False,False,False,False,False,False,False
9ho6	14	2	12	0.14285714285714285	False,False,False,False,False,False,False,False,True,True,False,False,False,False
9hub	24	15	9	0.625	False,False,True,False,True,True,True,True,False,False,True,True,True,True,True,True,True,True,True,True,False,False,False,False
9huo	24	16	8	0.6666666666666666	False,False,True,False,True,True,True,True,True,False,True,True,True,True,True,True,True,True,True,True,False,False,False,False
9hur	18	15	3	0.8333333333333334	False,False,False,True,True,True,True,True,True,True,True,True,True,True,True,True,True,True
9hxo	24	16	8	0.6666666666666666	False,False,True,False,True,True,True,True,True,False,True,True,True,True,True,True,True,True,True,True,False,False,False,False
9hzj	18	13	5	0.7222222222222222	False,False,True,True,True,True,True,True,True,True,True,True,False,False,True,True,True,False
9hzk	18	13	5	0.7222222222222222	False,False,True,True,True,True,True,True,True,True,True,True,False,False,True,True,True,False
9i59	12	6	6	0.5	False,False,True,True,True,True,True,True,False,False,False,False
9iqp	19	10	9	0.5263157894736842	False,False,True,True,True,True,True,True,True,True,False,False,False,False,False,True,True,False,False
9jbq	14	3	11	0.21428571428571427	False,False,False,False,True,False,False,True,True,False,False,False,False,False
9jcy	17	5	12	0.29411764705882354	False,False,True,False,False,False,False,False,True,True,True,False,True,False,False,False,False
9jd0	16	9	7	0.5625	False,False,True,True,True,True,True,True,True,True,True,False,False,False,False,False
9jd1	22	9	13	0.4090909090909091	False,False,False,False,False,False,True,True,True,True,True,True,False,False,False,True,True,True,False,False,False,False
9jeb	17	10	7	0.5882352941176471	False,False,True,False,True,True,True,True,True,True,True,True,True,False,False,False,False
9jno	19	9	10	0.47368421052631576	False,False,False,True,True,True,False,True,True,True,True,False,False,True,True,False,False,False,False
9jqv	14	7	7	0.5	False,False,False,True,True,True,True,True,True,False,True,False,False,False
9k6j	11	6	5	0.5454545454545454	False,True,False,True,True,True,True,False,False,False,True
9kur	18	4	14	0.2222222222222222	False,False,False,True,False,False,False,False,True,False,True,False,True,False,False,False,False,False
9l9y	7	2	5	0.2857142857142857	False,False,True,True,False,False,False
9lad	9	2	7	0.2222222222222222	True,False,True,False,False,False,False,False,False
9lh2	21	11	10	0.5238095238095238	False,False,False,False,True,True,True,True,True,True,False,False,False,True,True,True,True,True,False,False,False
9lme	10	3	7	0.3	False,False,True,True,True,False,False,False,False,False
9lrf	16	4	12	0.25	False,False,False,False,False,False,False,True,True,True,True,False,False,False,False,False
9m5b	10	4	6	0.4	False,False,True,True,True,True,False,False,False,False
9m6j	17	0	17	0.0	False,False,False,False,False,False,False,False,False,False,False,False,False,False,False,False,False
9m6o	17	0	17	0.0	False,False,False,False,False,False,False,False,False,False,False,False,False,False,False,False,False
9mer	18	7	11	0.3888888888888889	False,True,False,True,False,True,True,True,True,False,False,False,False,False,False,False,True,False
9mev	18	7	11	0.3888888888888889	False,False,False,True,True,True,True,True,True,False,False,False,False,False,False,False,True,False
9mic	13	3	10	0.23076923076923078	False,False,False,False,False,True,True,True,False,False,False,False,False
9mid	14	4	10	0.2857142857142857	False,False,False,False,False,True,True,False,True,True,False,False,False,False
9mif	16	7	9	0.4375	False,False,False,False,False,True,True,True,True,True,True,True,False,False,False,False
9mj3	16	5	11	0.3125	False,False,False,False,False,False,False,True,True,True,True,True,False,False,False,False
9ml8	19	7	12	0.3684210526315789	False,False,False,False,True,True,True,True,True,True,False,True,False,False,False,False,False,False,False
9mqv	22	9	13	0.4090909090909091	False,False,False,False,False,True,False,True,True,False,True,True,True,True,True,True,False,False,False,False,False,False
9mxi	19	10	9	0.5263157894736842	False,False,True,True,True,True,True,False,True,True,True,True,True,False,False,False,False,False,False
9n8i	17	5	12	0.29411764705882354	False,False,False,False,False,False,True,True,True,True,True,False,False,False,False,False,False
9n8n	17	5	12	0.29411764705882354	False,False,False,False,False,False,True,True,True,True,True,False,False,False,False,False,False
9ncd	14	7	7	0.5	False,False,False,True,True,True,True,True,True,True,False,False,False,False
9njy	18	9	9	0.5	False,False,True,False,True,True,True,True,False,False,True,True,True,True,False,False,False,False
9npi	15	7	8	0.4666666666666667	False,False,False,False,True,True,True,True,True,True,True,False,False,False,False
9oar	17	2	15	0.11764705882352941	False,False,False,False,False,False,False,False,False,False,False,True,True,False,False,False,False
9obn	18	5	13	0.2777777777777778	False,False,False,False,False,False,True,True,True,True,False,True,False,False,False,False,False,False
9pi9	14	8	6	0.5714285714285714	False,False,False,True,True,True,True,True,True,True,True,False,False,False
9pru	10	4	6	0.4	False,False,False,True,True,True,True,False,False,False
9pzi	19	11	8	0.5789473684210527	False,True,True,True,True,True,True,False,True,True,True,True,True,False,False,False,False,False,False
9q8l	8	3	5	0.375	False,False,True,True,True,False,False,False
9qrv	19	6	13	0.3157894736842105	False,False,False,False,False,False,False,False,True,True,True,True,True,True,False,False,False,False,False
9rit	12	7	5	0.5833333333333334	True,True,True,False,False,False,True,True,True,True,False,False
9riu	12	7	5	0.5833333333333334	False,False,True,False,True,True,True,True,True,True,False,False
9rm2	15	7	8	0.4666666666666667	False,False,False,False,True,True,True,False,False,True,True,True,True,False,False
9rn6	11	4	7	0.36363636363636365	False,False,True,True,True,False,False,False,False,False,True
9th6	16	7	9	0.4375	False,False,True,True,True,True,True,True,True,False,False,False,False,False,False,False
9u8g	14	9	5	0.6428571428571429	False,False,True,True,True,True,True,True,True,True,True,False,False,False
9uk5	12	7	5	0.5833333333333334	False,True,False,True,True,True,True,True,True,False,False,False
9uvi	12	4	8	0.3333333333333333	False,False,True,False,True,True,False,True,False,False,False,False
9uzb	11	4	7	0.36363636363636365	False,False,False,False,True,True,True,True,False,False,False
9uzc	11	4	7	0.36363636363636365	False,False,False,False,True,True,True,True,False,False,False
9uzd	11	4	7	0.36363636363636365	False,False,False,False,True,True,True,True,False,False,False
9uze	11	4	7	0.36363636363636365	False,False,False,False,True,True,True,True,False,False,False
9uzf	11	4	7	0.36363636363636365	False,False,False,False,True,True,True,True,False,False,False
9uzg	11	4	7	0.36363636363636365	False,False,False,False,True,True,True,True,False,False,False
9uzh	11	4	7	0.36363636363636365	False,False,False,False,True,True,True,True,False,False,False
9uzi	11	4	7	0.36363636363636365	False,False,False,False,True,True,True,True,False,False,False
9vdy	13	9	4	0.6923076923076923	False,True,False,True,True,True,True,True,True,False,False,True,True
9vdz	13	7	6	0.5384615384615384	False,True,False,True,True,True,True,True,True,False,False,False,False
9vjj	16	6	10	0.375	False,False,False,True,False,True,True,True,False,True,False,False,False,False,True,False
9vp0	12	7	5	0.5833333333333334	False,True,False,True,True,True,True,True,True,False,False,False
9y0a	16	7	9	0.4375	False,True,False,True,True,True,True,False,False,False,False,False,True,False,True,False
9yio	14	5	9	0.35714285714285715	False,False,False,True,True,True,True,False,False,True,False,False,False,False
