pdb	trunk	cdr_h3_rmsd	fw_rmsd	cdr_h3_len
8bec	0	28.4238	17.733	12
8bec	1	27.7515	18.036	12
8bec	2	33.1008	18.4157	12
8bec	3	31.068	17.0786	12
8bec	4	31.3274	18.3634	12
8bg2	0	34.2264	18.1191	13
8bg2	1	34.4523	18.3239	13
8bg2	2	35.5626	19.2281	13
8bg2	3	32.9175	17.7296	13
8bg2	4	34.9738	18.74	13
8bg3	0	24.031	15.2227	12
8bg3	1	23.9041	14.7401	12
8bg3	2	25.4398	15.5363	12
8bg3	3	23.5087	14.8667	12
8bg3	4	27.4374	15.5842	12
8bg4	0	28.74	15.1124	11
8bg4	1	30.526	15.8178	11
8bg4	2	29.3321	15.4583	11
8bg4	3	28.3335	15.1339	11
8bg4	4	28.567	14.9025	11
8bg5	0	28.6838	17.5428	12
8bg5	1	27.4046	17.9454	12
8bg5	2	30.4359	18.1847	12
8bg5	3	32.3807	18.3459	12
8bg5	4	27.0907	17.9283	12
8cbf	0	6.2829	2.8352	11
8cbf	1	6.4069	2.6391	11
8cbf	2	7.4259	2.5904	11
8cbf	3	4.8764	2.3139	11
8cbf	4	3.1282	2.8999	11
8evd	0	9.1932	1.5342	17
8evd	1	8.9627	1.426	17
8evd	2	13.9115	2.0451	17
8evd	3	12.8715	1.6568	17
8evd	4	11.3026	1.702	17
8f6u	0	2.8054	1.5653	17
8f6u	1	2.5918	1.4749	17
8f6u	2	2.0557	1.5158	17
8f6u	3	2.6979	1.9515	17
8f6u	4	2.5468	1.8066	17
8fdo	0	7.2694	0.6581	25
8fdo	1	7.3154	1.4004	25
8fdo	2	7.5306	1.0713	25
8fdo	3	7.4988	0.5048	25
8fdo	4	7.0829	0.7631	25
8g4p	0	4.153	2.2914	19
8g4p	1	2.6108	1.0168	19
8g4p	2	2.8979	0.9398	19
8g4p	3	3.4744	1.1029	19
8g4p	4	3.1683	0.9491	19
8gjr	0	3.9672	0.6361	13
8gjr	1	4.0525	0.494	13
8gjr	2	3.5675	0.5422	13
8gjr	3	3.7557	0.5186	13
8gjr	4	3.928	0.5518	13
8gy5	0	1.5756	1.4848	10
8gy5	1	1.2172	1.3654	10
8gy5	2	1.1616	1.3665	10
8gy5	3	1.0461	0.8604	10
8gy5	4	1.3516	1.7698	10
8idi	0	4.9168	1.3902	22
8idi	1	4.9642	1.3263	22
8idi	2	3.913	1.2422	22
8idi	3	5.1638	1.171	22
8idi	4	4.9058	1.5054	22
8jel	0	3.7993	3.133	12
8jel	1	2.3327	1.5294	12
8jel	2	2.7461	3.247	12
8jel	3	1.8757	1.0624	12
8jel	4	3.2356	3.0638	12
