pdb	trunk	DockQ_HA	iptm	aggregate_score
7y3o	0	0.0302474713027856	0.5670272707939148	0.5939570665359497
7y3o	1	0.015984985878237	0.5629318952560425	0.591313362121582
7y3o	2	0.0188326725014545	0.571117103099823	0.6006091833114624
7y3o	3	0.0294807151633372	0.5792109966278076	0.6082279086112976
7y3o	4	0.0222641125139387	0.5734891295433044	0.6023577451705933
7yds	0	0.4621345368042605	0.7661571502685547	0.7829532623291016
7yds	1	0.4570866335813877	0.7640098929405212	0.780863881111145
7yds	2	0.4048599062421757	0.7632750272750854	0.7800720930099487
7yds	3	0.4650154465368531	0.7704628705978394	0.7871713638305664
7yds	4	0.4830220677056209	0.7675470113754272	0.7842771410942078
7yv1	0	0.0674550612591814	0.6691781878471375	0.6924008727073669
7yv1	1	0.1029087859704633	0.6676956415176392	0.6910232901573181
7yv1	2	0.1348686809713083	0.6591460704803467	0.6834090352058411
7yv1	3	0.0803542743617627	0.6682000756263733	0.6913954019546509
7yv1	4	0.1229032813190964	0.6637298464775085	0.6876466870307922
7z1x	0		0.22692199051380157	0.3098556399345398
7z1x	1		0.2559192180633545	0.3357897996902466
7z1x	2		0.2380305826663971	0.32175570726394653
7z1x	3		0.22820024192333221	0.31151098012924194
7z1x	4		0.2296036183834076	0.31187865138053894
7zau	0		0.21681413054466248	0.3342365026473999
7zau	1		0.22043566405773163	0.33697807788848877
7zau	2		0.2167007178068161	0.3343353867530823
7zau	3		0.21734115481376648	0.3344995379447937
7zau	4		0.2201150506734848	0.3368311822414398
7zoz	0	0.156869267662967	0.6879018545150757	0.7104520797729492
7zoz	1	0.0483806757475152	0.6842536330223083	0.7067814469337463
7zoz	2	0.066664185165442	0.671065092086792	0.6949895620346069
7zoz	3	0.0798746668215085	0.6725265979766846	0.6962948441505432
7zoz	4	0.3367107288409885	0.682003378868103	0.7051876187324524
8a44	0	0.0049236648688576	0.6118093729019165	0.6356430053710938
8a44	1	0.0049088119035564	0.6263555288314819	0.6485500335693359
8a44	2	0.0048206072707997	0.6129275560379028	0.6367897391319275
8a44	3	0.0049141605421173	0.6164660453796387	0.6391788721084595
8a44	4	0.0048759023767332	0.6132571697235107	0.6365716457366943
8acf	0	0.0380328301400248	0.7803614139556885	0.7956598401069641
8acf	1	0.0160967799490885	0.7289425134658813	0.7477570176124573
8acf	2	0.0378462673473985	0.7524843215942383	0.7699431777000427
8acf	3	0.0382487056196994	0.730356752872467	0.749906063079834
8acf	4	0.0378990598980546	0.7827268838882446	0.7974247932434082
8aci	0	0.0579515417047068	0.7585276365280151	0.7754479050636292
8aci	1	0.0532250018627512	0.7399095296859741	0.7581939697265625
8aci	2	0.0396547556882027	0.7160540223121643	0.7368480563163757
8aci	3	0.0565585681200858	0.7306582927703857	0.7502059936523438
8aci	4	0.032628034186352	0.734872043132782	0.7530284523963928
8aok	0	0.4389795149602474	0.48881813883781433	0.5488359928131104
8aok	1	0.437730267416619	0.49770376086235046	0.5569281578063965
8aok	3	0.4478707449374233	0.5133475661277771	0.5712597966194153
8aok	4	0.4396958443092885	0.5017016530036926	0.5609325170516968
8aom	0	0.7719325956779709	0.7430941462516785	0.7622586488723755
8aom	1	0.7586627999220535	0.7215155363082886	0.742700457572937
8aom	2	0.7741534121530793	0.7403332591056824	0.7595480680465698
8aom	3	0.7267952644199118	0.7289541363716125	0.7499362230300903
8aom	4	0.7615297465613167	0.7387012243270874	0.7581347227096558
8apy	0	0.8290453713834722	0.8402776122093201	0.8602129220962524
8apy	1	0.8207514766404483	0.8322855234146118	0.8534609079360962
8apy	2	0.8136676716406067	0.8319547772407532	0.8529539108276367
8apy	3	0.834340494840334	0.8394394516944885	0.8593104481697083
8apy	4	0.8438190304365074	0.8322065472602844	0.8533002138137817
8b17	0	0.1466024635657695	0.3835086226463318	0.4727175235748291
8b17	1		0.3281536400318146	0.4251974821090698
8b17	2	0.2076419037814045	0.3880140781402588	0.4769000709056854
8b17	3	0.259079630459214	0.3749940097332001	0.4654742479324341
8b17	4		0.33423420786857605	0.4307680130004883
8b18	0		0.33267343044281006	0.4292100667953491
8b18	1	0.236538305001337	0.3773474097251892	0.4676108956336975
8b18	2		0.33608752489089966	0.43249958753585815
8b18	3		0.33747318387031555	0.43336576223373413
8b18	4		0.3381131887435913	0.4339098334312439
8b19	0		0.3305390179157257	0.4274274706840515
8b19	1	0.1460878200043677	0.3676190972328186	0.4591415524482727
8b19	2	0.0657116336587743	0.3537238836288452	0.44751495122909546
8b19	3	0.0793069392270756	0.37763431668281555	0.4675689935684204
8b19	4		0.32894167304039	0.4258148670196533
8b1a	0	0.0656115592566244	0.34546583890914917	0.44004517793655396
8b1a	1	0.2877559551602377	0.3867528736591339	0.47522425651550293
8b1a	2	0.1420017370400097	0.35087791085243225	0.4450802206993103
8b1a	3	0.0753952798409233	0.36275020241737366	0.45484358072280884
8b1a	4		0.3301675617694855	0.4269956350326538
8b1d	0	0.020741822313809	0.3379790484905243	0.4337729513645172
8b1d	1	0.0729921068709012	0.33540159463882446	0.4311915636062622
8b1d	2	0.0234216251431847	0.33437401056289673	0.43089476227760315
8b1d	3		0.33262038230895996	0.4290889501571655
8b1d	4	0.0668384697588809	0.34015166759490967	0.43562108278274536
8b1e	0	0.0197682411842183	0.33790338039398193	0.43368586897850037
8b1e	1	0.1479090686127855	0.37904128432273865	0.46909070014953613
8b1e	2	0.0211374145040126	0.3361562490463257	0.4321633279323578
8b1e	3	0.2406019380143848	0.38155096769332886	0.4711616039276123
8b1e	4	0.2835458086960845	0.3961907625198364	0.483370840549469
8b1f	0		0.3264867961406708	0.42337173223495483
8b1f	2	0.0986427048126094	0.37571749091148376	0.46571028232574463
8b1f	3	0.0907448697082784	0.37539613246917725	0.465155690908432
8b1f	4	0.2545885114734207	0.3886714577674866	0.47671371698379517
8b1g	0		0.33140501379966736	0.42776554822921753
8b1g	1		0.33432909846305847	0.4305371046066284
8b1g	2		0.3285379707813263	0.4250659942626953
8b1g	3		0.3271799087524414	0.4248785376548767
8b1g	4	0.0762317175829344	0.35456639528274536	0.4477059841156006
8b7h	0	0.343320630117351	0.7658214569091797	0.7850702404975891
8b7h	1	0.3281955682858967	0.7597755789756775	0.7794961333274841
8b7h	2	0.3551183579016015	0.7735632658004761	0.7927426695823669
8b7h	3	0.3111838090998763	0.7737422585487366	0.7928522825241089
8b7h	4	0.3587783799232082	0.7717540264129639	0.7910698652267456
8be2	1	0.425616037381602	0.30532026290893555	0.39683032035827637
8be2	2	0.4004035096911809	0.30872446298599243	0.3991251289844513
8be2	3	0.407005074093449	0.314100444316864	0.4041866660118103
8be2	4	0.36784370814197	0.2942432165145874	0.38718298077583313
8bec	0		0.24667340517044067	0.3135189414024353
8bec	1		0.21091878414154053	0.28309932351112366
8bec	2		0.2312263697385788	0.3005569875240326
8bec	3		0.22973336279392242	0.29916900396347046
8bec	4		0.22702831029891968	0.29706189036369324
8bg2	0		0.5464590787887573	0.579463005065918
8bg2	1		0.5407339334487915	0.574514627456665
8bg2	2		0.5456995368003845	0.5785224437713623
8bg2	3		0.5594549179077148	0.5907893776893616
8bg2	4		0.5365318059921265	0.5704391002655029
8bg3	0		0.22342295944690704	0.293163537979126
8bg3	1		0.2196815013885498	0.2894933819770813
8bg3	2		0.2940678596496582	0.3567337989807129
8bg3	3		0.2548305094242096	0.3211299479007721
8bg3	4		0.21284326910972595	0.2832574248313904
8bg4	0		0.2980315387248993	0.36450883746147156
8bg4	1	0.0265429342136592	0.33278536796569824	0.3925245404243469
8bg4	2	0.0269703684365166	0.33937200903892517	0.3997507691383362
8bg4	3	0.0299173939099242	0.4783138334751129	0.5207416415214539
8bg4	4	0.0234716411361625	0.3860255479812622	0.4414275288581848
8bg5	0	0.0275770796106341	0.4313603639602661	0.4750707149505615
8bg5	1	0.0135424328488558	0.4314920902252197	0.47528454661369324
8bg5	2	0.0132636563194624	0.42022496461868286	0.4660826325416565
8bg5	3	0.0131151169642564	0.43158331513404846	0.4753202795982361
8bg5	4	0.0140304273262059	0.3950405716896057	0.4439612627029419
8bk2	0		0.6361154317855835	0.6602330803871155
8bk2	1	0.0304600311810411	0.6357556581497192	0.6589881181716919
8bk2	2		0.6261141300201416	0.6511048078536987
8bk2	3	0.0282627833041572	0.6390300989151001	0.662600040435791
8bk2	4		0.639509379863739	0.6632580161094666
8byu	0	0.0079899150432778	0.5600975155830383	0.5870916843414307
8byu	1	0.0057182588375156	0.5486049056053162	0.5769216418266296
8byu	2	0.0082895050658202	0.5584604144096375	0.5855584144592285
8byu	3	0.0056204277178408	0.5481256246566772	0.5763283967971802
8byu	4	0.0081266870073202	0.559063196182251	0.5861833095550537
8c3k	0	0.9137078058968524	0.8653225898742676	0.8806164264678955
8c3k	1	0.886423523759559	0.8673123121261597	0.8823167085647583
8c3k	2	0.8994823630820354	0.8671903014183044	0.8821386098861694
8c3k	3	0.8581027108211305	0.863031268119812	0.878512978553772
8c3k	4	0.8795020172037774	0.8638964891433716	0.879313588142395
8c5h	0	0.0131189795462387	0.23849806189537048	0.31716176867485046
8c5h	1	0.0134485392996734	0.23305587470531464	0.3119433522224426
8c5h	2	0.0503435470702462	0.2205813229084015	0.30112239718437195
8c5h	3	0.0146192460162046	0.2799801528453827	0.35373157262802124
8c5h	4	0.089627053363543	0.2333759218454361	0.31263190507888794
8cbf	1	0.0215188369543934	0.5778799653053284	0.6059283018112183
8cbf	2	0.0251230301192159	0.58461594581604	0.612704873085022
8cbf	3	0.0187051864361913	0.5788100361824036	0.6068871021270752
8cbf	4	0.0225985254895961	0.574687123298645	0.6029269099235535
8d9y	0		0.7566120624542236	0.7756641507148743
8d9y	1		0.7553889751434326	0.7744927406311035
8d9y	2		0.7411545515060425	0.7608208656311035
8d9y	3		0.7681294679641724	0.7862449884414673
8d9y	4		0.7619544863700867	0.7806472778320312
8d9z	0	0.1141168039584881	0.7629499435424805	0.7811449766159058
8d9z	1	0.1602690310242153	0.7582170963287354	0.7764780521392822
8d9z	2	0.128043983591805	0.7570287585258484	0.775334894657135
8d9z	3	0.1235478577570873	0.756090521812439	0.7744783163070679
8d9z	4	0.1544755369306578	0.7567731142044067	0.7751598954200745
8da0	0	0.1207616223265638	0.7530792951583862	0.7722775936126709
8da0	1	0.1115108957886443	0.7538569569587708	0.7729844450950623
8da0	2		0.7569867372512817	0.7756847739219666
8da0	3	0.1094500745516681	0.7561777830123901	0.7750263810157776
8da0	4		0.7693405151367188	0.7871873378753662
8ee2	0		0.28322774171829224	0.38703376054763794
8ee2	1		0.24834680557250977	0.35637444257736206
8ee2	2		0.25782862305641174	0.36512279510498047
8ee2	3		0.22875094413757324	0.33937180042266846
8ee2	4		0.2130749672651291	0.3259749114513397
8eln	0		0.31219393014907837	0.4085194170475006
8eln	1	0.5716268702652568	0.3522573411464691	0.4446749985218048
8eln	2		0.36338430643081665	0.45599696040153503
8eln	3		0.36336904764175415	0.45581626892089844
8eln	4		0.40600666403770447	0.49253782629966736
8elq	0	0.0102875406357242	0.19796769320964813	0.2954995334148407
8elq	1	0.0110509873529363	0.18921226263046265	0.2875712513923645
8elq	2	0.0093870542295419	0.19828937947750092	0.2953954041004181
8elq	4	0.0537832171183383	0.17716556787490845	0.27298933267593384
8et0	0		0.3121599555015564	0.4225175976753235
8et0	1		0.3219728469848633	0.43079882860183716
8et0	2		0.3106151223182678	0.42169758677482605
8et0	3	0.1476060822231566	0.30432984232902527	0.4164828062057495
8et0	4	0.1121768886058958	0.3058970272541046	0.41772839426994324
8evd	0		0.25194716453552246	0.35426533222198486
8evd	1	0.1290796629024581	0.2527582049369812	0.355648934841156
8evd	2		0.25648316740989685	0.35736796259880066
8evd	3	0.1010526082130699	0.24780775606632233	0.3511948585510254
8evd	4	0.1118434058413236	0.255775511264801	0.35809895396232605
8ezk	0		0.16361285746097565	0.23015213012695312
8ezk	1		0.1628197729587555	0.23021286725997925
8ezk	2	0.0283542488886588	0.1268521249294281	0.19776754081249237
8ezk	3	0.0313856802426962	0.12447286397218704	0.19569915533065796
8ezk	4	0.0243862600493417	0.12440961599349976	0.19541864097118378
8ezl	0	0.0200170486079978	0.22478768229484558	0.27951499819755554
8ezl	1	0.0188408663649093	0.21512696146965027	0.27071404457092285
8ezl	2	0.0381483349495261	0.19761337339878082	0.2632392644882202
8ezl	3	0.0194498637954911	0.22197307646274567	0.2766571342945099
8ezl	4	0.0360049943020964	0.20053525269031525	0.25761955976486206
8ezm	0	0.0480292259819152	0.1212073341012001	0.1940349042415619
8ezm	1	0.0148441574998854	0.12594150006771088	0.19782951474189758
8ezm	2	0.0256108073256863	0.12183483690023422	0.1946423351764679
8ezm	3	0.0176283278716197	0.13759882748126984	0.2080392837524414
8ezm	4	0.0204882006579236	0.1401447355747223	0.21084587275981903
8f5i	0	0.6837130661256946	0.8383108377456665	0.8515011072158813
8f5i	1	0.7871158536444535	0.8428111672401428	0.8557508587837219
8f5i	2	0.7723833027004511	0.8405426740646362	0.8535076379776001
8f5i	3	0.5484571136966653	0.8329945206642151	0.8470724821090698
8f5i	4	0.801475244182717	0.838118851184845	0.851883590221405
8f6u	0	0.3507511049122047	0.22078470885753632	0.32833343744277954
8f6u	1		0.21072442829608917	0.3202691078186035
8f6u	2		0.22298209369182587	0.3297211825847626
8f6u	3		0.22674599289894104	0.33343929052352905
8f6u	4		0.2682608962059021	0.368881493806839
8fdo	0	0.0412723299885023	0.7019693851470947	0.7244612574577332
8fdo	1	0.0754636385315039	0.6979736089706421	0.7211082577705383
8fdo	2	0.0626070390670954	0.7014270424842834	0.7239557504653931
8fdo	3	0.0634093240864597	0.7108820080757141	0.7323894500732422
8fdo	4	0.0457230077171969	0.7066113948822021	0.7287835478782654
8fxv	0	0.2204467702516102	0.25313496589660645	0.32043299078941345
8fxv	1	0.0351752061343926	0.23843033611774445	0.3033491373062134
8fxv	2	0.222707148013425	0.2515757083892822	0.3181101679801941
8fxv	3	0.1326308678200881	0.2626660168170929	0.3290519118309021
8fxv	4	0.1631687121700489	0.2638338506221771	0.32907816767692566
8g0i	0	0.0207469117880035	0.24662664532661438	0.34127092361450195
8g0i	1	0.0081188447782882	0.2738049030303955	0.3656027019023895
8g0i	2	0.0093497634799034	0.25186941027641296	0.34688472747802734
8g0i	3	0.0087655385635003	0.2618759274482727	0.3559088110923767
8g0i	4	0.0081726301983897	0.2668145000934601	0.35978513956069946
8g4p	0	0.1686391533433957	0.746759831905365	0.7666828036308289
8g4p	1	0.2944904039117022	0.7515662312507629	0.7712700963020325
8g4p	2	0.1544346092365311	0.7529871463775635	0.7729640007019043
8g4p	3	0.2568384468216783	0.7518647313117981	0.7716020941734314
8g4p	4	0.3212447434764942	0.7550971508026123	0.7746223211288452
8gjr	0	0.0622472165290292	0.28646352887153625	0.3884880840778351
8gjr	1	0.0568109525904501	0.3329734206199646	0.4296262860298157
8gjr	2	0.0686955753744279	0.3051798939704895	0.4055507183074951
8gjr	3	0.068188328821052	0.3084544539451599	0.40790367126464844
8gjr	4	0.0680341534028377	0.31618326902389526	0.41519150137901306
8gy5	0	0.068216639482243	0.7156444787979126	0.7360517382621765
8gy5	1		0.7160208225250244	0.7352117896080017
8gy5	2		0.7203912138938904	0.7399587035179138
8gy5	3	0.0662779915472756	0.719783365726471	0.7399299144744873
8gy5	4		0.7178685069084167	0.7375850677490234
8gye	0	0.0078136580266714	0.7378274202346802	0.7573595643043518
8gye	1	0.0080607623935446	0.7235676646232605	0.7446091175079346
8gye	2	0.0078020297278269	0.7382737994194031	0.7580404877662659
8gye	3	0.0077150806506365	0.7342429161071777	0.7542957663536072
8gye	4	0.0078134234653295	0.7397477626800537	0.7595857977867126
8h5u	0		0.2877923548221588	0.3777616024017334
8h5u	1	0.0096290394792899	0.2399422824382782	0.3364434242248535
8h5u	2		0.28443801403045654	0.37560129165649414
8h5u	3	0.0094445505153635	0.2646321952342987	0.3584531545639038
8h5u	4		0.300862580537796	0.38908910751342773
8h63	0	0.6512089392317062	0.7592461705207825	0.7932960391044617
8h63	1	0.7716374619955081	0.7526454925537109	0.7877276539802551
8h63	3	0.7308613037179624	0.7611732482910156	0.794838547706604
8h63	4	0.8415589541053091	0.7469866871833801	0.7830008268356323
8h64	0		0.24824151396751404	0.36298394203186035
8h64	1		0.2539352774620056	0.36753666400909424
8h64	2		0.2627992630004883	0.3752375841140747
8h64	3		0.25518178939819336	0.36910462379455566
8h64	4		0.2602279782295227	0.3731773793697357
8hes	0	0.0825177461804735	0.5532823204994202	0.5775171518325806
8hes	1	0.1008959492375671	0.554480791091919	0.57899010181427
8hes	2	0.034803216355914	0.5468514561653137	0.5724594593048096
8hes	3	0.2618573717262627	0.5453171133995056	0.5731010437011719
8hes	4	0.1024320333412551	0.5595868229866028	0.583041787147522
8hr2	0	0.0099092410969262	0.2344142645597458	0.3208860754966736
8hr2	1	0.0531550071212132	0.19177910685539246	0.28095540404319763
8hr2	2	0.0099906928336448	0.24086466431617737	0.32705387473106384
8hr2	3	0.0100810563985278	0.19533655047416687	0.2855123281478882
8hr2	4	0.009933519927473	0.2168903350830078	0.3059195280075073
8idi	0		0.5460324883460999	0.6019297242164612
8idi	1		0.5514135360717773	0.6066668033599854
8idi	2	0.0074532317889444	0.19475030899047852	0.29084938764572144
8idi	3		0.5055334568023682	0.5664386749267578
8idi	4		0.5235474109649658	0.5823121666908264
8ido	0	0.0071382134016529	0.18786031007766724	0.28448566794395447
8ido	1	0.0065574799218439	0.18279190361499786	0.279213547706604
8ido	2	0.0069327566108734	0.19045519828796387	0.2869008183479309
8ido	3	0.006609088331917	0.18898554146289825	0.28471559286117554
8ido	4	0.0066177015482815	0.19561070203781128	0.2909671664237976
8im0	0	0.7933782462678928	0.5562528967857361	0.6132316589355469
8im0	1	0.8172841995501088	0.5192239284515381	0.5805866122245789
8im0	2	0.7763405344267054	0.5348576307296753	0.5937378406524658
8im0	3	0.8559104502443392	0.5605562925338745	0.6163704991340637
8im0	4	0.7533956953569683	0.5813940763473511	0.6339689493179321
8im1	0		0.2843513488769531	0.36941206455230713
8im1	1		0.2584429979324341	0.3480612337589264
8im1	2		0.29767945408821106	0.38219916820526123
8im1	3		0.28887641429901123	0.373842716217041
8im1	4		0.2993151843547821	0.3835297226905823
8ipc	0	0.4716562839463507	0.6356492042541504	0.6536522507667542
8ipc	1	0.2735559187119935	0.6433047652244568	0.6613926291465759
8ipc	2	0.3761195812193807	0.6421903371810913	0.6617920994758606
8ipc	3	0.4115657376813933	0.6352603435516357	0.6551528573036194
8ipc	4	0.3657056464250857	0.6214451789855957	0.6429412364959717
8jel	0		0.7121886014938354	0.7342042922973633
8jel	2		0.7040293216705322	0.7266096472740173
8jel	3		0.7038028836250305	0.7260652780532837
8jel	4		0.7058985233306885	0.7284734845161438
8jeo	0		0.7574389576911926	0.7775020003318787
8jeo	1		0.7639932632446289	0.7837193608283997
8jeo	2		0.7559829950332642	0.776175856590271
8jeo	3		0.7658279538154602	0.7852147817611694
8jeo	4		0.7657629251480103	0.7851589322090149
8jyr	0	0.0203145360148104	0.6363644599914551	0.6624320149421692
8jyr	1	0.0740534484625183	0.636891782283783	0.6635270118713379
8jyr	2	0.0233079015471043	0.638666033744812	0.665056586265564
8jyr	3	0.0184958411887689	0.6380959749221802	0.6646811962127686
8jyr	4	0.0263712846003373	0.6368887424468994	0.6632754802703857
8k33	1		0.2369699776172638	0.32447510957717896
8k33	2		0.23701027035713196	0.3242812156677246
8k33	3		0.26926589012145996	0.35114091634750366
8k33	4		0.27277782559394836	0.3539397716522217
8k3k	0	0.0070924644081647	0.2723187804222107	0.35133394598960876
8k3k	1	0.0075311860425565	0.4151499569416046	0.4774075746536255
8k3k	2	0.0070385018827397	0.3702816069126129	0.4380890130996704
8k3k	3	0.0072581812289727	0.3330499529838562	0.4050443768501282
8k3k	4	0.007081391953156	0.37289610505104065	0.4403018355369568
8k3l	0		0.209672212600708	0.29672694206237793
8k3l	1		0.21701382100582123	0.3036452531814575
8k3l	2		0.22653721272945404	0.31126636266708374
8k3l	3		0.22259411215782166	0.30784255266189575
8k3l	4		0.20954641699790955	0.2968503534793854
8opr	0	0.0325731996065125	0.14725670218467712	0.22594529390335083
8opr	1	0.0083579686995222	0.14520512521266937	0.22534483671188354
8opr	2	0.0337003490282767	0.14774121344089508	0.22582504153251648
8opr	3	0.0595968108032813	0.1476142704486847	0.2263721376657486
8opr	4	0.0234693543737645	0.15127693116664886	0.22756661474704742
8oww	0	0.0109061585413801	0.3302116394042969	0.413307249546051
8oww	1	0.0109339274768468	0.34262385964393616	0.4234859347343445
8oww	2	0.0109870046446718	0.34018608927726746	0.42169684171676636
8oww	3	0.0111799339608359	0.3595864772796631	0.4381866455078125
8oww	4	0.0109247861490131	0.31946468353271484	0.4050236940383911
8h63	2	0.7130516454670511	0.761427104473114	0.7952109575271606
8jel	1		0.7117663025856018	0.7337316870689392
