pdb	seed_dir	cdr_h3_rmsd	fw_rmsd	cdr_h3_len	has_light
7y3o	seed_1181241943	2.8847	1.3633	17	True
7y3o	seed_1812140441	1.3596	1.3993	17	True
7y3o	seed_2746317213	1.0627	1.2035	17	True
7y3o	seed_3163119785	2.0583	1.2319	17	True
7y3o	seed_958682846	1.6737	1.1707	17	True
7yds	seed_1181241943	5.6639	4.8022	12	True
7yds	seed_1812140441	5.2935	1.6963	12	True
7yds	seed_2746317213	5.9222	5.2628	12	True
7yds	seed_3163119785	5.2908	1.1065	12	True
7yds	seed_958682846	5.29	1.246	12	True
7yv1	seed_1181241943	2.4249	1.1096	13	True
7yv1	seed_1812140441	1.7299	1.129	13	True
7yv1	seed_2746317213	4.3243	5.3509	13	True
7yv1	seed_3163119785	1.8434	0.9432	13	True
7yv1	seed_958682846	1.5956	1.2186	13	True
7z1x	seed_1181241943	1.6367	0.7597	12	False
7z1x	seed_1812140441	2.4073	1.2929	12	False
7z1x	seed_2746317213	2.3949	1.3528	12	False
7z1x	seed_3163119785	1.9996	0.7395	12	False
7z1x	seed_958682846	5.5433	1.3281	12	False
7zau	seed_1181241943	4.3883	1.1739	17	False
7zau	seed_1812140441	2.3943	1.1692	17	False
7zau	seed_2746317213	2.6783	0.8755	17	False
7zau	seed_3163119785	2.1932	1.4212	17	False
7zau	seed_958682846	3.1315	0.801	17	False
7zoz	seed_1181241943	2.7521	0.8935	15	True
7zoz	seed_1812140441	3.7939	0.7829	15	True
7zoz	seed_2746317213	5.108	4.7356	15	True
7zoz	seed_3163119785	2.8425	1.6072	15	True
7zoz	seed_958682846	6.4933	6.3194	15	True
8a44	seed_1181241943	3.4911	0.8007	16	True
8a44	seed_1812140441	2.9807	0.7694	16	True
8a44	seed_2746317213	1.7888	1.6754	16	True
8a44	seed_3163119785	3.9462	1.545	16	True
8a44	seed_958682846	4.2865	4.2695	16	True
8acf	seed_1181241943	2.92	3.3099	11	True
8acf	seed_1812140441	1.5036	1.5893	11	True
8acf	seed_2746317213	2.7685	3.1176	11	True
8acf	seed_3163119785	2.6064	2.7285	11	True
8acf	seed_958682846	2.6205	2.9356	11	True
8aci	seed_1181241943	3.2343	3.6144	11	True
8aci	seed_1812140441	3.0235	3.2735	11	True
8aci	seed_2746317213	1.4824	1.5325	11	True
8aci	seed_3163119785	2.9347	3.1539	11	True
8aci	seed_958682846	3.362	3.6794	11	True
8aok	seed_1181241943	2.2288	0.8404	20	False
8aok	seed_1812140441	1.8839	1.115	20	False
8aok	seed_2746317213	2.1821	0.6613	20	False
8aok	seed_3163119785	5.044	0.7242	20	False
8aok	seed_958682846	1.7734	0.8346	20	False
8aom	seed_1181241943	1.3313	0.4053	12	False
8aom	seed_1812140441	0.7781	0.8676	12	False
8aom	seed_2746317213	0.7657	0.3789	12	False
8aom	seed_3163119785	0.7807	0.913	12	False
8aom	seed_958682846	1.1495	0.9231	12	False
8apy	seed_1181241943	0.6195	0.2827	14	False
8apy	seed_1812140441	0.3833	0.264	14	False
8apy	seed_2746317213	0.7194	0.2638	14	False
8apy	seed_3163119785	0.5396	0.2841	14	False
8apy	seed_958682846	0.5467	0.2968	14	False
8b17	seed_1181241943	0.447	1.0933	17	False
8b17	seed_1812140441	0.5564	0.9358	17	False
8b17	seed_2746317213	0.6105	1.5927	17	False
8b17	seed_3163119785	0.6421	0.981	17	False
8b17	seed_958682846	0.3832	1.1737	17	False
8b18	seed_1181241943	0.462	1.082	17	False
8b18	seed_1812140441	0.5893	0.9332	17	False
8b18	seed_2746317213	0.6286	1.5884	17	False
8b18	seed_3163119785	0.6911	0.9861	17	False
8b18	seed_958682846	0.4103	1.1741	17	False
8b19	seed_1181241943	0.458	1.0646	17	False
8b19	seed_1812140441	0.5518	0.9207	17	False
8b19	seed_2746317213	0.5783	1.5736	17	False
8b19	seed_3163119785	0.6259	0.971	17	False
8b19	seed_958682846	0.3525	1.1603	17	False
8b1a	seed_1181241943	0.467	1.0803	17	False
8b1a	seed_1812140441	0.5561	0.9334	17	False
8b1a	seed_2746317213	0.5941	1.5938	17	False
8b1a	seed_3163119785	0.6546	0.9879	17	False
8b1a	seed_958682846	0.3624	1.1792	17	False
8b1d	seed_1181241943	0.4341	1.0499	17	False
8b1d	seed_1812140441	0.5489	0.9232	17	False
8b1d	seed_2746317213	0.5865	1.5824	17	False
8b1d	seed_3163119785	0.6337	0.9748	17	False
8b1d	seed_958682846	0.3502	1.1696	17	False
8b1e	seed_1181241943	0.4463	1.0718	17	False
8b1e	seed_1812140441	0.5632	0.9398	17	False
8b1e	seed_2746317213	0.5886	1.6027	17	False
8b1e	seed_3163119785	0.6598	0.9972	17	False
8b1e	seed_958682846	0.3577	1.1905	17	False
8b1f	seed_1181241943	0.4444	1.0687	17	False
8b1f	seed_1812140441	0.5615	0.927	17	False
8b1f	seed_2746317213	0.6053	1.588	17	False
8b1f	seed_3163119785	0.6503	0.9832	17	False
8b1f	seed_958682846	0.377	1.1786	17	False
8b1g	seed_1181241943	0.4692	1.081	17	False
8b1g	seed_1812140441	0.5911	0.9262	17	False
8b1g	seed_2746317213	0.6658	1.5797	17	False
8b1g	seed_3163119785	0.6719	0.9767	17	False
8b1g	seed_958682846	0.4285	1.1656	17	False
8b7h	seed_1181241943	3.8902	3.8762	17	True
8b7h	seed_1812140441	4.0065	4.0718	17	True
8b7h	seed_2746317213	3.7722	3.5381	17	True
8b7h	seed_3163119785	3.5748	2.1006	17	True
8b7h	seed_958682846	1.0851	1.0048	17	True
8be2	seed_1181241943	0.4715	0.4995	11	False
8be2	seed_1812140441	1.1634	0.5011	11	False
8be2	seed_2746317213	0.3553	0.4997	11	False
8be2	seed_3163119785	0.6021	0.4475	11	False
8be2	seed_958682846	0.5707	0.48	11	False
8bec	seed_1181241943	27.9263	17.0539	12	False
8bec	seed_1812140441	33.3152	17.4888	12	False
8bec	seed_2746317213	28.5486	17.1554	12	False
8bec	seed_3163119785	28.4566	17.4107	12	False
8bec	seed_958682846	31.952	18.04	12	False
8bg2	seed_1181241943	19.9119	15.2594	13	False
8bg2	seed_1812140441	19.1216	16.3804	13	False
8bg2	seed_2746317213	36.4455	19.0088	13	False
8bg2	seed_3163119785	3.5986	1.0875	13	False
8bg2	seed_958682846	33.2686	17.6227	13	False
8bg3	seed_1181241943	22.2902	14.1114	12	False
8bg3	seed_1812140441	23.5984	14.022	12	False
8bg3	seed_2746317213	22.8399	11.8864	12	False
8bg3	seed_3163119785	25.9403	14.6955	12	False
8bg3	seed_958682846	22.5751	11.7592	12	False
8bg4	seed_1181241943	24.3534	16.6413	11	False
8bg4	seed_1812140441	35.3996	16.2539	11	False
8bg4	seed_2746317213	36.4643	16.2713	11	False
8bg4	seed_3163119785	33.4817	17.3402	11	False
8bg4	seed_958682846	37.0111	17.7183	11	False
8bg5	seed_1181241943	30.1186	17.6803	12	False
8bg5	seed_1812140441	30.565	17.4144	12	False
8bg5	seed_2746317213	2.1888	2.3493	12	False
8bg5	seed_3163119785	31.5184	18.3456	12	False
8bg5	seed_958682846	27.291	17.3047	12	False
8bk2	seed_1181241943	1.7511	2.9553	9	True
8bk2	seed_1812140441	1.2801	2.0746	9	True
8bk2	seed_2746317213	1.8548	2.6966	9	True
8bk2	seed_3163119785	1.4831	1.7268	9	True
8bk2	seed_958682846	1.9655	2.9838	9	True
8byu	seed_1181241943	2.6831	1.0949	14	True
8byu	seed_1812140441	3.5122	1.006	14	True
8byu	seed_2746317213	6.8288	0.7722	14	True
8byu	seed_3163119785	9.4611	1.016	14	True
8byu	seed_958682846	8.1288	0.7324	14	True
8c3k	seed_1181241943	1.1438	0.8369	5	False
8c3k	seed_1812140441	0.9673	1.0887	5	False
8c3k	seed_2746317213	0.7006	0.9109	5	False
8c3k	seed_3163119785	1.0395	0.9252	5	False
8c3k	seed_958682846	0.5301	1.0049	5	False
8c5h	seed_1181241943	1.7983	1.3365	10	False
8c5h	seed_1812140441	0.5912	0.5707	10	False
8c5h	seed_2746317213	1.9432	1.5269	10	False
8c5h	seed_3163119785	0.7383	1.4862	10	False
8c5h	seed_958682846	1.8121	0.7547	10	False
8cbf	seed_1181241943	0.5444	0.9427	11	True
8cbf	seed_1812140441	1.7527	1.7543	11	True
8cbf	seed_2746317213	1.5427	1.8605	11	True
8cbf	seed_3163119785	0.7784	1.0884	11	True
8cbf	seed_958682846	0.6965	0.963	11	True
8d9y	seed_1181241943	5.269	1.0718	20	True
8d9y	seed_1812140441	6.2499	3.5722	20	True
8d9y	seed_2746317213	6.2849	4.7854	20	True
8d9y	seed_3163119785	6.0271	4.5382	20	True
8d9y	seed_958682846	5.9608	4.7263	20	True
8d9z	seed_1181241943	8.6466	3.0561	20	True
8d9z	seed_1812140441	4.524	2.6035	20	True
8d9z	seed_2746317213	5.8308	2.3128	20	True
8d9z	seed_3163119785	5.8935	1.8284	20	True
8d9z	seed_958682846	2.7808	3.6411	20	True
8da0	seed_1181241943	1.9514	2.4782	20	True
8da0	seed_1812140441	3.9708	2.9062	20	True
8da0	seed_2746317213	5.8033	5.8702	20	True
8da0	seed_3163119785	3.312	3.5128	20	True
8da0	seed_958682846	5.3982	2.5863	20	True
8ee2	seed_1181241943	3.2548	5.3926	14	False
8ee2	seed_1812140441	3.4411	5.3624	14	False
8ee2	seed_2746317213	3.2065	5.3689	14	False
8ee2	seed_3163119785	2.8748	5.3661	14	False
8ee2	seed_958682846	3.4479	5.4017	14	False
8eln	seed_1181241943	0.7145	0.7216	13	False
8eln	seed_1812140441	0.6096	0.7789	13	False
8eln	seed_2746317213	0.5808	0.6616	13	False
8eln	seed_3163119785	0.5012	0.7424	13	False
8eln	seed_958682846	0.5644	0.7928	13	False
8elq	seed_1181241943	12.5023	0.4995	20	False
8elq	seed_1812140441	4.0885	0.5307	20	False
8elq	seed_2746317213	14.6775	0.5215	20	False
8elq	seed_3163119785	10.8633	0.5007	20	False
8elq	seed_958682846	15.4893	0.4948	20	False
8et0	seed_1181241943	1.7868	1.1181	12	False
8et0	seed_1812140441	1.7368	0.9426	12	False
8et0	seed_2746317213	1.8428	0.9875	12	False
8et0	seed_3163119785	1.7967	1.041	12	False
8et0	seed_958682846	1.8872	0.8174	12	False
8evd	seed_1181241943	0.9623	0.6463	17	False
8evd	seed_1812140441	0.746	0.7042	17	False
8evd	seed_2746317213	0.6259	0.451	17	False
8evd	seed_3163119785	2.1111	1.3706	17	False
8evd	seed_958682846	1.2519	0.7408	17	False
8ezk	seed_1181241943	19.9903	12.0001	15	False
8ezk	seed_1812140441	1.513	2.2372	15	False
8ezk	seed_2746317213	1.4132	2.1865	15	False
8ezk	seed_3163119785	3.1672	2.258	15	False
8ezk	seed_958682846	1.4682	2.2256	15	False
8ezl	seed_1181241943	3.0171	3.5302	24	False
8ezl	seed_1812140441	52.8701	17.051	24	False
8ezl	seed_2746317213	1.7482	2.4512	24	False
8ezl	seed_3163119785	5.2523	2.5839	24	False
8ezl	seed_958682846	2.3268	2.2317	24	False
8ezm	seed_1181241943	28.3482	18.2876	12	False
8ezm	seed_1812140441	27.1359	18.3109	12	False
8ezm	seed_2746317213	29.6682	18.9051	12	False
8ezm	seed_3163119785	28.9801	18.0514	12	False
8ezm	seed_958682846	27.1259	18.2136	12	False
8f5i	seed_1181241943	2.3282	0.8276	15	True
8f5i	seed_1812140441	2.3694	0.8682	15	True
8f5i	seed_2746317213	3.6816	1.0436	15	True
8f5i	seed_3163119785	2.4838	0.8713	15	True
8f5i	seed_958682846	3.4839	0.8068	15	True
8f6u	seed_1181241943	0.6184	1.2108	17	False
8f6u	seed_1812140441	0.6267	1.8779	17	False
8f6u	seed_2746317213	0.7353	1.1586	17	False
8f6u	seed_3163119785	0.7446	1.7865	17	False
8f6u	seed_958682846	0.781	1.6992	17	False
8f6v	seed_1181241943	2.4135	1.2446	20	False
8f6v	seed_1812140441	3.238	1.175	20	False
8f6v	seed_2746317213	3.4508	1.25	20	False
8f6v	seed_3163119785	2.7579	1.2569	20	False
8f6v	seed_958682846	2.8202	1.1272	20	False
8fdo	seed_1181241943	0.5091	0.8359	25	True
8fdo	seed_1812140441	0.7832	0.7403	25	True
8fdo	seed_2746317213	0.4115	0.5343	25	True
8fdo	seed_3163119785	0.5975	0.5896	25	True
8fdo	seed_958682846	0.4096	0.476	25	True
8fxv	seed_1181241943	4.1635	0.5666	11	False
8fxv	seed_1812140441	1.2974	0.6589	11	False
8fxv	seed_2746317213	1.8161	0.7221	11	False
8fxv	seed_3163119785	1.9381	0.6442	11	False
8fxv	seed_958682846	1.1478	0.6221	11	False
8g0i	seed_1181241943	2.0702	0.7098	10	False
8g0i	seed_1812140441	1.8915	0.6806	10	False
8g0i	seed_2746317213	2.3978	0.6128	10	False
8g0i	seed_3163119785	2.156	0.6221	10	False
8g0i	seed_958682846	2.4104	0.7732	10	False
8g4p	seed_1181241943	2.2759	0.7638	19	True
8g4p	seed_1812140441	4.1194	0.8011	19	True
8g4p	seed_2746317213	3.6152	0.9482	19	True
8g4p	seed_3163119785	3.1627	0.7988	19	True
8g4p	seed_958682846	4.7396	0.8605	19	True
8gjr	seed_1181241943	0.6127	0.4911	13	False
8gjr	seed_1812140441	0.4848	0.4634	13	False
8gjr	seed_2746317213	0.5105	0.4791	13	False
8gjr	seed_3163119785	0.7023	0.4957	13	False
8gjr	seed_958682846	0.7352	0.4668	13	False
8gy5	seed_1181241943	1.6565	2.2278	10	True
8gy5	seed_1812140441	1.7248	2.3657	10	True
8gy5	seed_2746317213	1.6436	2.4976	10	True
8gy5	seed_3163119785	1.8511	2.4525	10	True
8gy5	seed_958682846	3.0489	3.7975	10	True
8gye	seed_1181241943	1.1337	0.8242	11	True
8gye	seed_1812140441	0.9444	0.8729	11	True
8gye	seed_2746317213	0.9596	0.9082	11	True
8gye	seed_3163119785	0.9372	0.9094	11	True
8gye	seed_958682846	4.2077	4.5655	11	True
8h5t	seed_1181241943	1.2224	0.5913	15	False
8h5t	seed_1812140441	1.1255	0.5213	15	False
8h5t	seed_2746317213	1.1695	0.536	15	False
8h5t	seed_3163119785	1.6014	0.5459	15	False
8h5t	seed_958682846	1.2651	0.4395	15	False
8h5u	seed_1181241943	0.7237	0.814	5	False
8h5u	seed_1812140441	0.3631	0.7465	5	False
8h5u	seed_2746317213	0.6382	1.0281	5	False
8h5u	seed_3163119785	0.5624	0.8043	5	False
8h5u	seed_958682846	0.3577	0.9435	5	False
8h63	seed_1181241943	1.7693	0.9061	14	False
8h63	seed_1812140441	1.8987	0.9964	14	False
8h63	seed_2746317213	1.9327	1.0157	14	False
8h63	seed_3163119785	1.983	1.0196	14	False
8h63	seed_958682846	1.9236	0.9945	14	False
8h64	seed_1181241943	4.3671	0.4516	18	False
8h64	seed_1812140441	4.6816	0.4537	18	False
8h64	seed_2746317213	4.4285	0.4146	18	False
8h64	seed_3163119785	5.0451	0.4257	18	False
8h64	seed_958682846	4.4442	0.4382	18	False
8hes	seed_1181241943	11.9547	9.3663	18	True
8hes	seed_1812140441	14.6384	9.0496	18	True
8hes	seed_2746317213	10.595	8.7376	18	True
8hes	seed_3163119785	12.4714	9.0224	18	True
8hes	seed_958682846	4.4702	1.4041	18	True
8hr2	seed_1181241943	3.9426	1.1491	21	False
8hr2	seed_1812140441	4.411	1.198	21	False
8hr2	seed_2746317213	4.3161	1.1698	21	False
8hr2	seed_3163119785	4.9091	1.2154	21	False
8hr2	seed_958682846	3.3174	1.2294	21	False
8idi	seed_1181241943	4.5985	1.4249	22	False
8idi	seed_1812140441	3.693	1.4426	22	False
8idi	seed_2746317213	5.1278	1.4436	22	False
8idi	seed_3163119785	4.5386	1.4263	22	False
8idi	seed_958682846	5.6637	1.444	22	False
8ido	seed_1181241943	1.3775	0.6094	22	False
8ido	seed_1812140441	1.6102	0.8233	22	False
8ido	seed_2746317213	1.8637	0.5682	22	False
8ido	seed_3163119785	1.4558	0.5996	22	False
8ido	seed_958682846	1.4187	0.5159	22	False
8im0	seed_1181241943	0.5044	0.5221	15	False
8im0	seed_1812140441	0.3601	0.4901	15	False
8im0	seed_2746317213	0.4272	0.599	15	False
8im0	seed_3163119785	0.4604	0.5279	15	False
8im0	seed_958682846	0.4591	0.5251	15	False
8im1	seed_1181241943	2.5105	1.3829	19	False
8im1	seed_1812140441	2.7715	1.3703	19	False
8im1	seed_2746317213	1.6981	1.3679	19	False
8im1	seed_3163119785	3.3609	1.4446	19	False
8im1	seed_958682846	0.8897	1.3491	19	False
8ipc	seed_1181241943	0.611	1.1727	10	True
8ipc	seed_1812140441	0.3552	1.0632	10	True
8ipc	seed_2746317213	0.5186	1.1504	10	True
8ipc	seed_3163119785	0.3484	1.1143	10	True
8ipc	seed_958682846	0.5836	1.1907	10	True
8jel	seed_1181241943	3.6182	4.1543	12	True
8jel	seed_1812140441	4.4139	5.0267	12	True
8jel	seed_2746317213	0.9214	1.0904	12	True
8jel	seed_3163119785	3.4815	3.5393	12	True
8jel	seed_958682846	4.3482	5.1088	12	True
8jeo	seed_1181241943	0.5317	0.6651	16	True
8jeo	seed_1812140441	0.544	0.7285	16	True
8jeo	seed_2746317213	0.6187	0.6596	16	True
8jeo	seed_3163119785	0.8829	0.9541	16	True
8jeo	seed_958682846	2.2217	0.7212	16	True
8jyr	seed_1181241943	1.1971	1.6077	13	True
8jyr	seed_1812140441	1.2509	1.5952	13	True
8jyr	seed_2746317213	0.9635	1.504	13	True
8jyr	seed_3163119785	1.6382	2.2479	13	True
8jyr	seed_958682846	0.9494	1.4043	13	True
8k33	seed_1181241943	3.5238	1.173	9	False
8k33	seed_1812140441	4.2555	1.3148	9	False
8k33	seed_2746317213	4.0016	1.1789	9	False
8k33	seed_3163119785	2.6709	1.1232	9	False
8k33	seed_958682846	4.4244	0.9411	9	False
8k3k	seed_1181241943	6.613	6.2443	16	False
8k3k	seed_1812140441	9.7186	4.6966	16	False
8k3k	seed_2746317213	10.689	5.8408	16	False
8k3k	seed_3163119785	4.1936	6.0536	16	False
8k3k	seed_958682846	3.8297	5.3784	16	False
8k3l	seed_1181241943	0.7426	0.5708	20	False
8k3l	seed_1812140441	0.5548	0.542	20	False
8k3l	seed_2746317213	0.671	0.5876	20	False
8k3l	seed_3163119785	0.5838	0.5674	20	False
8k3l	seed_958682846	0.7086	0.5821	20	False
8opr	seed_1181241943	12.314	0.8772	15	False
8opr	seed_1812140441	12.2321	0.9077	15	False
8opr	seed_2746317213	11.3337	0.9035	15	False
8opr	seed_3163119785	12.9292	0.9201	15	False
8opr	seed_958682846	12.3808	0.9282	15	False
8oww	seed_1181241943	1.4681	1.6959	17	False
8oww	seed_1812140441	1.7567	1.8782	17	False
8oww	seed_2746317213	1.0157	1.9785	17	False
8oww	seed_3163119785	1.0814	1.6458	17	False
8oww	seed_958682846	1.107	1.6354	17	False
8oxv	seed_1181241943	2.4749	2.4178	15	True
8oxv	seed_1812140441	2.5749	2.4059	15	True
8oxv	seed_2746317213	2.2602	2.4396	15	True
8oxv	seed_3163119785	2.6199	2.2464	15	True
8oxv	seed_958682846	2.5321	1.9674	15	True
8oxw	seed_1181241943	2.0748	1.8914	15	True
8oxw	seed_1812140441	2.0779	1.8413	15	True
8oxw	seed_2746317213	1.6047	1.4499	15	True
8oxw	seed_3163119785	7.4604	8.5415	15	True
8oxw	seed_958682846	1.9992	1.8601	15	True
8oxx	seed_1181241943	1.7906	1.3399	15	True
8oxx	seed_1812140441	7.4779	8.7583	15	True
8oxx	seed_2746317213	2.3826	1.2544	15	True
8oxx	seed_3163119785	1.5485	1.2791	15	True
8oxx	seed_958682846	1.6557	1.179	15	True
8oxy	seed_1181241943	1.735	1.6763	15	True
8oxy	seed_1812140441	7.2991	8.8586	15	True
8oxy	seed_2746317213	1.8106	1.3577	15	True
8oxy	seed_3163119785	1.8118	1.3754	15	True
8oxy	seed_958682846	1.7612	1.5127	15	True
8ozb	seed_1181241943	0.6127	0.3793	14	False
8ozb	seed_1812140441	0.7903	0.5602	14	False
8ozb	seed_2746317213	0.72	0.368	14	False
8ozb	seed_3163119785	0.7493	0.4791	14	False
8ozb	seed_958682846	0.6436	0.3617	14	False
8pe1	seed_1181241943	0.3169	0.36	16	False
8pe1	seed_1812140441	0.3014	0.3885	16	False
8pe1	seed_2746317213	0.298	0.3709	16	False
8pe1	seed_3163119785	0.3141	0.3729	16	False
8pe1	seed_958682846	0.2681	0.3973	16	False
8pe2	seed_1181241943	0.8395	0.4575	15	False
8pe2	seed_1812140441	0.9913	0.5367	15	False
8pe2	seed_2746317213	0.7757	0.5104	15	False
8pe2	seed_3163119785	0.7013	0.477	15	False
8pe2	seed_958682846	0.8664	0.5574	15	False
8pih	seed_1181241943	2.4064	0.369	20	False
8pih	seed_1812140441	0.657	0.3275	20	False
8pih	seed_2746317213	0.6049	0.3279	20	False
8pih	seed_3163119785	0.5163	0.2993	20	False
8pih	seed_958682846	2.7872	0.4236	20	False
8pmz	seed_1181241943	38.226	17.8384	17	False
8pmz	seed_1812140441	40.3958	17.5717	17	False
8pmz	seed_2746317213	41.1696	18.1565	17	False
8pmz	seed_3163119785	39.0408	17.3343	17	False
8pmz	seed_958682846	35.9208	16.6311	17	False
8pwv	seed_1181241943	34.7185	18.1466	10	False
8pwv	seed_1812140441	4.5605	2.3716	10	False
8pwv	seed_2746317213	23.4533	18.3419	10	False
8pwv	seed_3163119785	4.7466	2.2418	10	False
8pwv	seed_958682846	4.9123	2.4023	10	False
8pww	seed_1181241943	36.6012	16.9077	13	False
8pww	seed_1812140441	1.001	2.1187	13	False
8pww	seed_2746317213	28.2307	14.4954	13	False
8pww	seed_3163119785	37.1738	17.9748	13	False
8pww	seed_958682846	1.8931	3.4037	13	False
8pyr	seed_1181241943	1.0761	0.3742	8	False
8pyr	seed_1812140441	0.9172	0.4225	8	False
8pyr	seed_2746317213	1.1046	0.3444	8	False
8pyr	seed_3163119785	1.0617	0.366	8	False
8pyr	seed_958682846	1.4398	0.3726	8	False
8q3j	seed_1181241943	5.5017	4.0349	19	True
8q3j	seed_1812140441	5.4437	4.2078	19	True
8q3j	seed_2746317213	5.7923	4.6163	19	True
8q3j	seed_3163119785	4.4795	1.2753	19	True
8q3j	seed_958682846	6.3479	5.2375	19	True
8q6r	seed_1181241943	0.873	0.4068	13	False
8q6r	seed_1812140441	1.4062	0.4246	13	False
8q6r	seed_2746317213	1.5242	0.4293	13	False
8q6r	seed_3163119785	2.5657	0.5165	13	False
8q6r	seed_958682846	2.6259	0.3704	13	False
8q7o	seed_1181241943	0.8679	0.6962	13	False
8q7o	seed_1812140441	0.7997	0.6546	13	False
8q7o	seed_2746317213	1.0326	0.7136	13	False
8q7o	seed_3163119785	0.3004	0.345	13	False
8q7o	seed_958682846	0.8802	0.3658	13	False
8q94	seed_1181241943	0.4883	0.4234	20	False
8q94	seed_1812140441	2.9583	0.4604	20	False
8q94	seed_2746317213	1.8248	0.5275	20	False
8q94	seed_3163119785	1.878	0.4854	20	False
8q94	seed_958682846	1.6671	0.4638	20	False
8q95	seed_1181241943	3.4381	0.2941	20	False
8q95	seed_1812140441	3.1197	0.3177	20	False
8q95	seed_2746317213	1.7694	0.3483	20	False
8q95	seed_3163119785	0.371	0.3624	20	False
8q95	seed_958682846	0.5166	0.2838	20	False
8qf4	seed_1181241943	0.4695	0.9385	19	False
8qf4	seed_1812140441	0.3938	0.8737	19	False
8qf4	seed_2746317213	0.4696	0.946	19	False
8qf4	seed_3163119785	0.5553	1.0072	19	False
8qf4	seed_958682846	0.5966	0.5504	19	False
8qf5	seed_1181241943	0.3078	0.5433	12	False
8qf5	seed_1812140441	0.3435	0.567	12	False
8qf5	seed_2746317213	0.6283	0.3971	12	False
8qf5	seed_3163119785	0.5708	0.5681	12	False
8qf5	seed_958682846	0.7886	0.475	12	False
8qgx	seed_1181241943	8.5513	1.3321	16	False
8qgx	seed_1812140441	10.4046	1.3448	16	False
8qgx	seed_2746317213	9.6726	1.2479	16	False
8qgx	seed_3163119785	7.5541	1.3241	16	False
8qgx	seed_958682846	1.6006	1.2862	16	False
8qh0	seed_1181241943	0.8237	0.6117	11	True
8qh0	seed_1812140441	0.9321	0.5763	11	True
8qh0	seed_2746317213	1.368	1.3979	11	True
8qh0	seed_3163119785	4.9954	5.3082	11	True
8qh0	seed_958682846	0.5335	0.832	11	True
8qrg	seed_1181241943	0.5262	0.5083	17	False
8qrg	seed_1812140441	0.5408	0.5032	17	False
8qrg	seed_2746317213	0.5265	0.4965	17	False
8qrg	seed_3163119785	0.5274	0.5626	17	False
8qrg	seed_958682846	0.511	0.4435	17	False
8qz3	seed_1181241943	3.1041	0.6792	20	False
8qz3	seed_1812140441	0.6188	0.592	20	False
8qz3	seed_2746317213	0.7584	0.6078	20	False
8qz3	seed_3163119785	0.7433	0.6393	20	False
8qz3	seed_958682846	0.7395	0.605	20	False
8r4n	seed_1181241943	4.0517	1.3372	15	True
8r4n	seed_1812140441	3.7283	1.6455	15	True
8r4n	seed_2746317213	3.5216	2.4457	15	True
8r4n	seed_3163119785	2.2061	1.5492	15	True
8r4n	seed_958682846	2.5456	2.3011	15	True
8r4u	seed_1181241943	16.0182	14.5234	12	False
8r4u	seed_1812140441	2.9722	4.0653	12	False
8r4u	seed_2746317213	13.1241	12.9749	12	False
8r4u	seed_3163119785	13.6855	17.8573	12	False
8r4u	seed_958682846	11.9765	15.3752	12	False
8rby	seed_1181241943	1.851	1.6494	13	False
8rby	seed_1812140441	1.5974	1.5918	13	False
8rby	seed_2746317213	2.0579	1.897	13	False
8rby	seed_3163119785	1.8121	1.6323	13	False
8rby	seed_958682846	1.9243	1.7216	13	False
8rj7	seed_1181241943	1.8859	1.4591	14	False
8rj7	seed_1812140441	0.9432	1.3626	14	False
8rj7	seed_2746317213	1.5548	1.4023	14	False
8rj7	seed_3163119785	1.6958	1.3919	14	False
8rj7	seed_958682846	0.6173	1.4101	14	False
8rp8	seed_1181241943	4.7355	4.3895	9	True
8rp8	seed_1812140441	2.6875	0.9049	9	True
8rp8	seed_2746317213	2.7259	1.1221	9	True
8rp8	seed_3163119785	2.8276	1.1776	9	True
8rp8	seed_958682846	4.4207	4.0579	9	True
8rw9	seed_1181241943	0.291	0.2243	18	False
8rw9	seed_1812140441	0.5884	0.2481	18	False
8rw9	seed_2746317213	0.2559	0.2036	18	False
8rw9	seed_3163119785	0.3971	0.2622	18	False
8rw9	seed_958682846	0.5132	0.2633	18	False
8rwb	seed_1181241943	0.5636	0.8093	9	True
8rwb	seed_1812140441	0.6593	0.8974	9	True
8rwb	seed_2746317213	0.7189	0.7935	9	True
8rwb	seed_3163119785	0.5614	0.773	9	True
8rwb	seed_958682846	0.5937	0.8378	9	True
8rz0	seed_1181241943	6.8338	3.2824	22	False
8rz0	seed_1812140441	5.6365	3.0512	22	False
8rz0	seed_2746317213	7.5155	3.2246	22	False
8rz0	seed_3163119785	9.7411	3.0714	22	False
8rz0	seed_958682846	7.964	2.9437	22	False
8rz1	seed_1181241943	34.3309	16.4102	13	False
8rz1	seed_1812140441	2.3281	1.7989	13	False
8rz1	seed_2746317213	34.8367	15.2037	13	False
8rz1	seed_3163119785	35.1619	16.2346	13	False
8rz1	seed_958682846	32.3282	14.3998	13	False
8rz2	seed_1181241943	6.3061	9.4166	13	True
8rz2	seed_1812140441	4.821	6.2051	13	True
8rz2	seed_2746317213	2.4837	1.9811	13	True
8rz2	seed_3163119785	5.5656	8.1724	13	True
8rz2	seed_958682846	6.3669	9.651	13	True
8s0l	seed_1181241943	1.9793	0.4566	21	False
8s0l	seed_1812140441	1.5326	0.4353	21	False
8s0l	seed_2746317213	2.0557	0.3935	21	False
8s0l	seed_3163119785	1.8628	0.3961	21	False
8s0l	seed_958682846	1.3571	0.4118	21	False
8s0n	seed_1181241943	1.8471	0.4081	21	False
8s0n	seed_1812140441	1.9349	0.4593	21	False
8s0n	seed_2746317213	2.0919	0.3778	21	False
8s0n	seed_3163119785	1.7345	0.3953	21	False
8s0n	seed_958682846	1.9307	0.4582	21	False
8s6m	seed_1181241943	1.7903	1.7701	16	True
8s6m	seed_1812140441	5.3805	5.4021	16	True
8s6m	seed_2746317213	2.8476	2.4788	16	True
8s6m	seed_3163119785	3.4151	4.1328	16	True
8s6m	seed_958682846	2.6831	3.1478	16	True
8s79	seed_1181241943	0.6924	0.6104	8	False
8s79	seed_1812140441	0.5775	0.6557	8	False
8s79	seed_2746317213	0.6548	0.5529	8	False
8s79	seed_3163119785	0.5996	0.5512	8	False
8s79	seed_958682846	0.7084	0.5347	8	False
8sdf	seed_1181241943	5.356	6.7172	20	True
8sdf	seed_1812140441	9.8875	6.4292	20	True
8sdf	seed_2746317213	8.6673	6.3843	20	True
8sdf	seed_3163119785	4.2055	6.4441	20	True
8sdf	seed_958682846	6.0994	6.6066	20	True
8sfs	seed_1181241943	0.9316	1.137	20	False
8sfs	seed_1812140441	1.1153	1.1254	20	False
8sfs	seed_2746317213	1.4875	1.1602	20	False
8sfs	seed_3163119785	0.874	1.3558	20	False
8sfs	seed_958682846	1.0995	1.0919	20	False
8sfx	seed_1181241943	0.7252	0.5861	17	False
8sfx	seed_1812140441	0.7359	0.6263	17	False
8sfx	seed_2746317213	0.5538	0.5764	17	False
8sfx	seed_3163119785	0.4544	0.8242	17	False
8sfx	seed_958682846	0.6349	0.5746	17	False
8sfz	seed_1181241943	4.9232	0.3304	17	False
8sfz	seed_1812140441	4.1208	0.3772	17	False
8sfz	seed_2746317213	2.5144	0.3802	17	False
8sfz	seed_3163119785	3.3602	0.3374	17	False
8sfz	seed_958682846	2.754	0.3258	17	False
8sgn	seed_1181241943	6.8419	9.8242	13	True
8sgn	seed_1812140441	1.1071	1.6724	13	True
8sgn	seed_2746317213	1.6788	2.086	13	True
8sgn	seed_3163119785	2.2151	1.6507	13	True
8sgn	seed_958682846	0.9692	1.4253	13	True
8siq	seed_1181241943	3.349	1.8112	21	True
8siq	seed_1812140441	6.8341	6.9638	21	True
8siq	seed_2746317213	7.728	7.2159	21	True
8siq	seed_3163119785	7.1631	6.8019	21	True
8siq	seed_958682846	3.9412	2.1257	21	True
8sk5	seed_1181241943	1.8637	1.4296	19	False
8sk5	seed_1812140441	2.1234	1.6975	19	False
8sk5	seed_2746317213	2.0754	2.3696	19	False
8sk5	seed_3163119785	1.9298	1.3891	19	False
8sk5	seed_958682846	3.6726	1.2266	19	False
8slb	seed_1181241943	8.937	0.9523	23	True
8slb	seed_1812140441	6.6116	0.8541	23	True
8slb	seed_2746317213	11.4586	3.2309	23	True
8slb	seed_3163119785	8.2642	0.9653	23	True
8slb	seed_958682846	9.854	0.8502	23	True
8sos	seed_1181241943	3.1693	0.8653	20	False
8sos	seed_1812140441	2.9618	0.8215	20	False
8sos	seed_2746317213	3.0622	0.8577	20	False
8sos	seed_3163119785	3.1088	0.8895	20	False
8sos	seed_958682846	3.0578	0.8297	20	False
8sow	seed_1181241943	0.7335	2.1117	8	False
8sow	seed_1812140441	0.615	2.0742	8	False
8sow	seed_2746317213	28.1804	16.2412	8	False
8sow	seed_3163119785	34.6477	16.7777	8	False
8sow	seed_958682846	27.0803	18.3762	8	False
8soz	seed_1181241943	25.379	14.88	8	False
8soz	seed_1812140441	25.2692	14.9902	8	False
8soz	seed_2746317213	27.5534	15.1395	8	False
8soz	seed_3163119785	23.6277	14.7248	8	False
8soz	seed_958682846	0.8399	0.6006	8	False
8szy	seed_1181241943	0.7351	1.334	10	True
8szy	seed_1812140441	1.1003	1.2311	10	True
8szy	seed_2746317213	1.0491	1.5646	10	True
8szy	seed_3163119785	1.2122	1.5541	10	True
8szy	seed_958682846	1.5382	1.9823	10	True
8tbb	seed_1181241943	6.4739	4.2831	16	True
8tbb	seed_1812140441	6.7352	4.7542	16	True
8tbb	seed_2746317213	9.5626	5.2261	16	True
8tbb	seed_3163119785	4.9001	5.4062	16	True
8tbb	seed_958682846	6.9583	4.8699	16	True
8tft	seed_1181241943	5.6848	8.2085	15	True
8tft	seed_1812140441	2.2934	1.6798	15	True
8tft	seed_2746317213	1.8472	1.2833	15	True
8tft	seed_3163119785	2.2854	1.4954	15	True
8tft	seed_958682846	5.8429	8.3078	15	True
8trs	seed_1181241943	1.4982	1.7519	8	True
8trs	seed_1812140441	1.5241	2.0009	8	True
8trs	seed_2746317213	0.9072	1.1094	8	True
8trs	seed_3163119785	1.1775	1.1364	8	True
8trs	seed_958682846	0.65	0.7712	8	True
8ts0	seed_1181241943	4.4755	4.8126	15	True
8ts0	seed_1812140441	1.4379	0.9551	15	True
8ts0	seed_2746317213	0.9052	0.9076	15	True
8ts0	seed_3163119785	1.2459	0.9147	15	True
8ts0	seed_958682846	1.2475	0.9141	15	True
8tuz	seed_1181241943	2.5121	1.0901	15	True
8tuz	seed_1812140441	2.6017	1.3025	15	True
8tuz	seed_2746317213	5.1945	4.2245	15	True
8tuz	seed_3163119785	5.1414	4.3707	15	True
8tuz	seed_958682846	4.916	4.3848	15	True
8tv3	seed_1181241943	1.2137	1.0609	14	True
8tv3	seed_1812140441	1.0118	1.0153	14	True
8tv3	seed_2746317213	1.9754	1.2536	14	True
8tv3	seed_3163119785	0.9881	0.9989	14	True
8tv3	seed_958682846	1.1507	1.2738	14	True
8u08	seed_1181241943	4.607	6.0161	22	True
8u08	seed_1812140441	1.5616	2.4117	22	True
8u08	seed_2746317213	1.5027	2.4188	22	True
8u08	seed_3163119785	1.8686	2.4348	22	True
8u08	seed_958682846	4.0942	5.1802	22	True
8u3s	seed_1181241943	1.5214	1.063	11	False
8u3s	seed_1812140441	1.7203	0.9827	11	False
8u3s	seed_2746317213	1.0404	0.9493	11	False
8u3s	seed_3163119785	1.4302	1.0783	11	False
8u3s	seed_958682846	1.396	1.0369	11	False
8udz	seed_1181241943	6.0762	4.8861	14	True
8udz	seed_1812140441	7.4748	5.3179	14	True
8udz	seed_2746317213	4.0048	5.3731	14	True
8udz	seed_3163119785	5.9242	3.4443	14	True
8udz	seed_958682846	8.6257	6.1881	14	True
8uky	seed_1181241943	2.019	1.8082	11	True
8uky	seed_1812140441	4.0754	5.0522	11	True
8uky	seed_2746317213	1.9011	2.0631	11	True
8uky	seed_3163119785	3.8897	4.8168	11	True
8uky	seed_958682846	3.8709	4.5529	11	True
8up2	seed_1181241943	5.3025	0.6128	11	True
8up2	seed_1812140441	5.1723	0.4769	11	True
8up2	seed_2746317213	5.1814	0.5828	11	True
8up2	seed_3163119785	5.2735	0.6321	11	True
8up2	seed_958682846	4.733	0.6865	11	True
8urf	seed_1181241943	4.918	4.6526	11	True
8urf	seed_1812140441	5.3003	5.1215	11	True
8urf	seed_2746317213	5.5369	5.1412	11	True
8urf	seed_3163119785	5.0721	4.6834	11	True
8urf	seed_958682846	1.3364	0.9121	11	True
8uvy	seed_1181241943	5.1479	0.8123	10	False
8uvy	seed_1812140441	4.9818	0.755	10	False
8uvy	seed_2746317213	5.103	0.8015	10	False
8uvy	seed_3163119785	4.3512	0.7154	10	False
8uvy	seed_958682846	3.9798	0.744	10	False
8uw2	seed_1181241943	7.3396	1.5656	10	False
8uw2	seed_1812140441	4.2492	0.7275	10	False
8uw2	seed_2746317213	4.2484	0.7169	10	False
8uw2	seed_3163119785	4.311	0.6492	10	False
8uw2	seed_958682846	5.3456	0.7962	10	False
8uw7	seed_1181241943	4.6966	0.6637	10	False
8uw7	seed_1812140441	4.0951	0.597	10	False
8uw7	seed_2746317213	5.7925	0.7807	10	False
8uw7	seed_3163119785	4.9887	0.7009	10	False
8uw7	seed_958682846	4.4184	0.6597	10	False
8uw9	seed_1181241943	4.1924	0.5549	10	False
8uw9	seed_1812140441	4.4491	0.5818	10	False
8uw9	seed_2746317213	3.91	0.5586	10	False
8uw9	seed_3163119785	4.7981	0.5051	10	False
8uw9	seed_958682846	5.016	0.6318	10	False
8v13	seed_1181241943	2.5441	5.7684	11	True
8v13	seed_1812140441	1.7902	4.4167	11	True
8v13	seed_2746317213	6.2306	9.131	11	True
8v13	seed_3163119785	5.8733	8.9939	11	True
8v13	seed_958682846	2.3393	4.459	11	True
8v52	seed_1181241943	1.3172	1.4414	10	True
8v52	seed_1812140441	1.2087	1.2672	10	True
8v52	seed_2746317213	2.4563	3.5834	10	True
8v52	seed_3163119785	1.3392	1.3295	10	True
8v52	seed_958682846	1.5382	1.4238	10	True
8v5q	seed_1181241943	1.2279	1.0701	15	True
8v5q	seed_1812140441	4.2763	6.3986	15	True
8v5q	seed_2746317213	0.7318	1.1411	15	True
8v5q	seed_3163119785	0.9411	0.9928	15	True
8v5q	seed_958682846	1.1755	1.0803	15	True
8vrs	seed_1181241943	34.0013	18.2366	8	False
8vrs	seed_1812140441	33.1583	17.7741	8	False
8vrs	seed_2746317213	33.1817	18.3216	8	False
8vrs	seed_3163119785	35.5612	19.0973	8	False
8vrs	seed_958682846	34.6725	17.9763	8	False
8vtd	seed_1181241943	1.0433	0.976	12	True
8vtd	seed_1812140441	3.7297	3.8729	12	True
8vtd	seed_2746317213	3.8204	3.4354	12	True
8vtd	seed_3163119785	1.2038	1.5818	12	True
8vtd	seed_958682846	1.598	1.3957	12	True
8vte	seed_1181241943	0.8148	1.2738	16	True
8vte	seed_1812140441	0.4694	1.1355	16	True
8vte	seed_2746317213	0.5075	1.0564	16	True
8vte	seed_3163119785	0.6728	1.1931	16	True
8vte	seed_958682846	1.0397	1.3266	16	True
8vui	seed_1181241943	1.0841	1.3929	10	True
8vui	seed_1812140441	0.5831	0.8862	10	True
8vui	seed_2746317213	3.9708	3.9154	10	True
8vui	seed_3163119785	0.4348	0.8545	10	True
8vui	seed_958682846	1.311	1.4823	10	True
8vvl	seed_1181241943	2.243	1.0123	14	True
8vvl	seed_1812140441	2.3976	0.9892	14	True
8vvl	seed_2746317213	1.9663	1.4962	14	True
8vvl	seed_3163119785	2.351	0.8823	14	True
8vvl	seed_958682846	2.5475	0.9689	14	True
8w0w	seed_1181241943	1.2299	1.397	18	True
8w0w	seed_1812140441	0.9015	1.0637	18	True
8w0w	seed_2746317213	1.2717	1.2276	18	True
8w0w	seed_3163119785	5.1884	4.3213	18	True
8w0w	seed_958682846	1.1343	1.3871	18	True
8w90	seed_1181241943	2.6857	0.5953	17	False
8w90	seed_1812140441	2.5142	0.5821	17	False
8w90	seed_2746317213	2.6299	0.5789	17	False
8w90	seed_3163119785	2.8725	0.5978	17	False
8w90	seed_958682846	3.7886	0.5477	17	False
8weo	seed_1181241943	2.3228	1.6436	14	False
8weo	seed_1812140441	2.2112	1.6483	14	False
8weo	seed_2746317213	2.3738	1.7422	14	False
8weo	seed_3163119785	2.8427	1.8893	14	False
8weo	seed_958682846	3.0063	1.9973	14	False
8x0t	seed_1181241943	2.6359	0.931	19	True
8x0t	seed_1812140441	2.2808	1.2688	19	True
8x0t	seed_2746317213	2.6184	1.0689	19	True
8x0t	seed_3163119785	2.1877	1.1109	19	True
8x0t	seed_958682846	8.2906	9.4479	19	True
8x0y	seed_1181241943	1.0809	1.6217	9	True
8x0y	seed_1812140441	1.0413	1.7941	9	True
8x0y	seed_2746317213	1.1781	1.8275	9	True
8x0y	seed_3163119785	1.1187	1.3449	9	True
8x0y	seed_958682846	0.8779	1.4631	9	True
8xk6	seed_1181241943	0.8447	0.2982	13	True
8xk6	seed_1812140441	0.9044	0.3857	13	True
8xk6	seed_2746317213	2.5631	0.4843	13	True
8xk6	seed_3163119785	0.7606	0.5083	13	True
8xk6	seed_958682846	0.9341	0.3466	13	True
8y9t	seed_1181241943	1.4412	0.5068	19	False
8y9t	seed_1812140441	1.755	0.5003	19	False
8y9t	seed_2746317213	1.5579	0.5342	19	False
8y9t	seed_3163119785	2.1561	0.5245	19	False
8y9t	seed_958682846	1.6799	0.5078	19	False
8ybl	seed_1181241943	1.7454	0.571	21	False
8ybl	seed_1812140441	2.2293	1.2278	21	False
8ybl	seed_2746317213	1.5266	1.0216	21	False
8ybl	seed_3163119785	1.7994	0.9003	21	False
8ybl	seed_958682846	1.4123	0.4809	21	False
8ybm	seed_1181241943	5.7509	0.9504	22	False
8ybm	seed_1812140441	5.5706	1.3003	22	False
8ybm	seed_2746317213	5.8351	1.4493	22	False
8ybm	seed_3163119785	5.6129	1.1603	22	False
8ybm	seed_958682846	5.289	1.0832	22	False
8ybn	seed_1181241943	5.4276	0.5862	24	False
8ybn	seed_1812140441	3.2472	0.6431	24	False
8ybn	seed_2746317213	4.9466	0.5878	24	False
8ybn	seed_3163119785	5.2802	0.6648	24	False
8ybn	seed_958682846	2.905	0.4559	24	False
8ybo	seed_1181241943	0.7219	0.603	21	False
8ybo	seed_1812140441	0.6304	0.5703	21	False
8ybo	seed_2746317213	0.5245	0.5561	21	False
8ybo	seed_3163119785	0.6966	0.5238	21	False
8ybo	seed_958682846	0.6743	0.5447	21	False
8ybp	seed_1181241943	0.7134	0.6002	20	False
8ybp	seed_1812140441	0.5818	0.4074	20	False
8ybp	seed_2746317213	0.5388	0.571	20	False
8ybp	seed_3163119785	0.7099	0.5738	20	False
8ybp	seed_958682846	0.6581	0.5254	20	False
8yj8	seed_1181241943	3.387	1.1341	18	False
8yj8	seed_1812140441	3.3624	1.1786	18	False
8yj8	seed_2746317213	3.3172	1.0967	18	False
8yj8	seed_3163119785	3.4725	1.1383	18	False
8yj8	seed_958682846	3.4029	1.1201	18	False
8ykt	seed_1181241943	8.0279	8.1855	17	True
8ykt	seed_1812140441	8.3843	8.3457	17	True
8ykt	seed_2746317213	8.0749	8.1035	17	True
8ykt	seed_3163119785	8.4439	9.0126	17	True
8ykt	seed_958682846	1.9942	2.4922	17	True
8ysh	seed_1181241943	0.7039	0.5269	10	False
8ysh	seed_1812140441	6.4736	0.5514	10	False
8ysh	seed_2746317213	1.1481	0.6431	10	False
8ysh	seed_3163119785	0.9703	0.6998	10	False
8ysh	seed_958682846	1.0295	0.5913	10	False
8yub	seed_1181241943	6.0561	7.0409	20	True
8yub	seed_1812140441	7.5809	3.4476	20	True
8yub	seed_2746317213	8.2136	2.9882	20	True
8yub	seed_3163119785	6.1362	1.1193	20	True
8yub	seed_958682846	6.7436	7.3052	20	True
8yvj	seed_1181241943	1.9174	2.2616	19	False
8yvj	seed_1812140441	2.4122	2.2248	19	False
8yvj	seed_2746317213	2.3148	2.321	19	False
8yvj	seed_3163119785	1.9452	2.2983	19	False
8yvj	seed_958682846	2.042	2.2493	19	False
8yvo	seed_1181241943	0.8178	0.3889	22	False
8yvo	seed_1812140441	1.0882	0.5215	22	False
8yvo	seed_2746317213	0.7879	0.5133	22	False
8yvo	seed_3163119785	0.9432	0.4124	22	False
8yvo	seed_958682846	0.9139	0.5329	22	False
8yxi	seed_1181241943	8.1431	1.3981	15	True
8yxi	seed_1812140441	8.0268	1.6769	15	True
8yxi	seed_2746317213	7.3955	1.7182	15	True
8yxi	seed_3163119785	8.5094	1.4797	15	True
8yxi	seed_958682846	9.0824	1.5406	15	True
8yyz	seed_1181241943	1.9552	1.1516	12	True
8yyz	seed_1812140441	1.8062	1.0534	12	True
8yyz	seed_2746317213	1.7737	1.3271	12	True
8yyz	seed_3163119785	1.8299	0.9699	12	True
8yyz	seed_958682846	1.8123	1.1795	12	True
8z2e	seed_1181241943	0.6227	0.4167	10	False
8z2e	seed_1812140441	0.5704	0.4707	10	False
8z2e	seed_2746317213	0.469	0.3926	10	False
8z2e	seed_3163119785	0.7376	1.0304	10	False
8z2e	seed_958682846	0.6584	0.4898	10	False
8z2v	seed_1181241943	1.6868	1.1583	12	True
8z2v	seed_1812140441	1.7433	1.0429	12	True
8z2v	seed_2746317213	1.7624	1.3863	12	True
8z2v	seed_3163119785	1.7375	1.2573	12	True
8z2v	seed_958682846	1.7695	1.2249	12	True
8z39	seed_1181241943	1.0104	1.617	12	True
8z39	seed_1812140441	2.906	1.6373	12	True
8z39	seed_2746317213	1.7514	1.4416	12	True
8z39	seed_3163119785	1.4195	1.4157	12	True
8z39	seed_958682846	1.9302	1.5121	12	True
8z3a	seed_1181241943	1.0777	1.408	12	True
8z3a	seed_1812140441	1.7731	1.4264	12	True
8z3a	seed_2746317213	5.2739	5.3075	12	True
8z3a	seed_3163119785	1.949	1.6773	12	True
8z3a	seed_958682846	1.5422	1.8546	12	True
8z8v	seed_1181241943	3.6019	0.6916	8	False
8z8v	seed_1812140441	3.3899	0.6791	8	False
8z8v	seed_2746317213	3.3407	0.6955	8	False
8z8v	seed_3163119785	3.5834	0.7078	8	False
8z8v	seed_958682846	3.2372	0.6704	8	False
8zca	seed_1181241943	2.1759	1.1341	15	True
8zca	seed_1812140441	2.2802	1.4375	15	True
8zca	seed_2746317213	4.5184	4.8324	15	True
8zca	seed_3163119785	1.9877	1.1487	15	True
8zca	seed_958682846	3.4851	3.9957	15	True
8zu9	seed_1181241943	2.0414	0.7695	16	True
8zu9	seed_1812140441	5.7128	0.7336	16	True
8zu9	seed_2746317213	3.4774	0.5875	16	True
8zu9	seed_3163119785	3.7825	0.8506	16	True
8zu9	seed_958682846	3.8265	0.7312	16	True
9atm	seed_1181241943	7.1025	4.0647	16	True
9atm	seed_1812140441	2.0194	1.4505	16	True
9atm	seed_2746317213	2.6962	3.2642	16	True
9atm	seed_3163119785	2.1051	2.6478	16	True
9atm	seed_958682846	2.9609	3.5202	16	True
9au1	seed_1181241943	1.751	1.0021	16	True
9au1	seed_1812140441	1.7097	1.0644	16	True
9au1	seed_2746317213	1.5637	1.2207	16	True
9au1	seed_3163119785	0.826	1.1338	16	True
9au1	seed_958682846	1.3603	1.4671	16	True
9azr	seed_1181241943	8.3152	3.9908	19	True
9azr	seed_1812140441	10.0548	7.1403	19	True
9azr	seed_2746317213	6.1422	3.0592	19	True
9azr	seed_3163119785	5.9908	3.5241	19	True
9azr	seed_958682846	8.3425	3.8089	19	True
9bdi	seed_1181241943	2.947	1.6386	22	True
9bdi	seed_1812140441	2.7611	1.5343	22	True
9bdi	seed_2746317213	2.7563	1.2448	22	True
9bdi	seed_3163119785	2.5501	1.0283	22	True
9bdi	seed_958682846	3.3574	1.4973	22	True
9bt5	seed_1181241943	3.8012	1.0732	18	True
9bt5	seed_1812140441	10.9098	4.1875	18	True
9bt5	seed_2746317213	6.8446	3.9832	18	True
9bt5	seed_3163119785	6.2685	2.5476	18	True
9bt5	seed_958682846	7.7608	4.7789	18	True
9cds	seed_1181241943	1.4161	1.1199	6	True
9cds	seed_1812140441	2.5992	2.5381	6	True
9cds	seed_2746317213	2.4023	2.9345	6	True
9cds	seed_3163119785	0.8944	0.8686	6	True
9cds	seed_958682846	2.6109	3.1084	6	True
9d41	seed_1181241943	5.54	3.4592	16	True
9d41	seed_1812140441	2.6662	0.755	16	True
9d41	seed_2746317213	6.8094	3.8196	16	True
9d41	seed_3163119785	6.2662	3.6864	16	True
9d41	seed_958682846	3.0478	0.6019	16	True
9dbo	seed_1181241943	6.3803	2.1147	16	True
9dbo	seed_1812140441	6.4813	2.9259	16	True
9dbo	seed_2746317213	4.9051	1.5186	16	True
9dbo	seed_3163119785	5.7386	3.3239	16	True
9dbo	seed_958682846	6.5557	3.407	16	True
9dl0	seed_1181241943	3.4429	4.4768	16	True
9dl0	seed_1812140441	3.9405	5.1713	16	True
9dl0	seed_2746317213	1.4787	0.9242	16	True
9dl0	seed_3163119785	6.1285	5.6135	16	True
9dl0	seed_958682846	6.1007	5.3054	16	True
9dq3	seed_1181241943	1.025	1.733	11	True
9dq3	seed_1812140441	0.6015	1.3794	11	True
9dq3	seed_2746317213	0.7883	1.5605	11	True
9dq3	seed_3163119785	0.5526	1.406	11	True
9dq3	seed_958682846	1.1029	1.7274	11	True
9dq4	seed_1181241943	1.8187	1.8043	11	True
9dq4	seed_1812140441	1.363	1.8391	11	True
9dq4	seed_2746317213	1.2647	1.8842	11	True
9dq4	seed_3163119785	1.5638	2.1209	11	True
9dq4	seed_958682846	0.8461	1.6845	11	True
9dx6	seed_1181241943	3.133	2.9583	23	True
9dx6	seed_1812140441	1.2186	0.8959	23	True
9dx6	seed_2746317213	2.9133	2.652	23	True
9dx6	seed_3163119785	7.3698	4.5171	23	True
9dx6	seed_958682846	1.2969	1.082	23	True
9e7n	seed_1181241943	2.1707	0.5251	17	False
9e7n	seed_1812140441	2.9293	0.5477	17	False
9e7n	seed_2746317213	2.0352	0.527	17	False
9e7n	seed_3163119785	1.8637	0.527	17	False
9e7n	seed_958682846	2.5944	0.6108	17	False
9e7o	seed_1181241943	4.4645	0.6957	14	False
9e7o	seed_1812140441	7.4572	0.7147	14	False
9e7o	seed_2746317213	2.6394	0.7257	14	False
9e7o	seed_3163119785	2.5913	0.7045	14	False
9e7o	seed_958682846	1.6077	0.7053	14	False
9eht	seed_1181241943	1.1607	0.8016	12	True
9eht	seed_1812140441	1.329	1.0416	12	True
9eht	seed_2746317213	1.5809	0.6661	12	True
9eht	seed_3163119785	1.32	0.7139	12	True
9eht	seed_958682846	1.7348	1.2754	12	True
9en2	seed_1181241943	9.7442	1.541	14	False
9en2	seed_1812140441	5.199	1.0391	14	False
9en2	seed_2746317213	4.7822	1.3492	14	False
9en2	seed_3163119785	5.9045	1.0797	14	False
9en2	seed_958682846	10.4993	1.2325	14	False
9ena	seed_1181241943	5.2268	0.5479	23	False
9ena	seed_1812140441	4.1028	0.5469	23	False
9ena	seed_2746317213	4.7492	0.5666	23	False
9ena	seed_3163119785	4.5595	0.565	23	False
9ena	seed_958682846	5.0751	0.6522	23	False
9erw	seed_1181241943	4.6946	0.5765	21	False
9erw	seed_1812140441	4.5341	0.8622	21	False
9erw	seed_2746317213	1.8398	0.9217	21	False
9erw	seed_3163119785	5.0508	0.9134	21	False
9erw	seed_958682846	2.9565	0.9668	21	False
9etl	seed_1181241943	4.5726	0.3112	15	False
9etl	seed_1812140441	5.0457	0.2918	15	False
9etl	seed_2746317213	4.7884	0.2783	15	False
9etl	seed_3163119785	3.4166	0.3472	15	False
9etl	seed_958682846	4.6076	0.2941	15	False
9eze	seed_1181241943	2.9997	4.1938	10	True
9eze	seed_1812140441	0.5624	1.1329	10	True
9eze	seed_2746317213	0.8536	1.0296	10	True
9eze	seed_3163119785	0.8322	1.2452	10	True
9eze	seed_958682846	1.1698	1.4206	10	True
9ezh	seed_1181241943	0.4713	0.7839	18	False
9ezh	seed_1812140441	0.3997	0.75	18	False
9ezh	seed_2746317213	0.3166	0.8114	18	False
9ezh	seed_3163119785	1.1847	0.741	18	False
9ezh	seed_958682846	0.3954	0.8468	18	False
9ezi	seed_1181241943	0.4556	0.7692	18	False
9ezi	seed_1812140441	0.3925	0.7634	18	False
9ezi	seed_2746317213	1.2727	0.7214	18	False
9ezi	seed_3163119785	0.5697	0.8067	18	False
9ezi	seed_958682846	0.4738	0.6629	18	False
9ezu	seed_1181241943	1.2028	1.742	18	False
9ezu	seed_1812140441	1.1747	1.1627	18	False
9ezu	seed_2746317213	1.1608	1.5363	18	False
9ezu	seed_3163119785	1.2164	1.0598	18	False
9ezu	seed_958682846	1.2001	1.6429	18	False
9ezv	seed_1181241943	1.1999	0.7422	18	False
9ezv	seed_1812140441	1.2507	0.7478	18	False
9ezv	seed_2746317213	1.2127	0.7562	18	False
9ezv	seed_3163119785	1.8139	0.7534	18	False
9ezv	seed_958682846	1.2094	0.7064	18	False
9ezw	seed_1181241943	0.4434	0.6913	18	False
9ezw	seed_1812140441	0.4109	0.6335	18	False
9ezw	seed_2746317213	0.5121	0.7024	18	False
9ezw	seed_3163119785	0.3531	0.6348	18	False
9ezw	seed_958682846	0.5086	0.8234	18	False
9f91	seed_1181241943	4.8832	0.6963	18	True
9f91	seed_1812140441	6.6518	0.7813	18	True
9f91	seed_2746317213	9.3983	4.9282	18	True
9f91	seed_3163119785	10.3477	4.9846	18	True
9f91	seed_958682846	11.3092	5.461	18	True
9fc2	seed_1181241943	3.8516	0.835	15	False
9fc2	seed_1812140441	4.1448	0.7981	15	False
9fc2	seed_2746317213	2.8153	0.7742	15	False
9fc2	seed_3163119785	2.5625	0.7756	15	False
9fc2	seed_958682846	3.525	0.8016	15	False
9fik	seed_1181241943	7.8803	2.9701	23	True
9fik	seed_1812140441	8.3899	3.9157	23	True
9fik	seed_2746317213	10.1819	1.2508	23	True
9fik	seed_3163119785	10.3349	1.2161	23	True
9fik	seed_958682846	7.9601	4.4812	23	True
9fvb	seed_1181241943	1.9758	0.459	14	False
9fvb	seed_1812140441	2.7335	0.4852	14	False
9fvb	seed_2746317213	2.3381	0.4933	14	False
9fvb	seed_3163119785	2.6802	0.5013	14	False
9fvb	seed_958682846	2.6378	0.5081	14	False
9fww	seed_1181241943	5.2069	1.6128	16	False
9fww	seed_1812140441	5.5985	1.6381	16	False
9fww	seed_2746317213	6.3696	1.563	16	False
9fww	seed_3163119785	5.8154	1.5809	16	False
9fww	seed_958682846	6.3345	1.7263	16	False
9fys	seed_1181241943	4.427	1.832	24	True
9fys	seed_1812140441	2.3386	1.8506	24	True
9fys	seed_2746317213	3.5462	1.757	24	True
9fys	seed_3163119785	3.7159	1.8302	24	True
9fys	seed_958682846	6.5549	1.8697	24	True
9fyt	seed_1181241943	6.887	0.5566	24	True
9fyt	seed_1812140441	6.5432	0.546	24	True
9fyt	seed_2746317213	4.0019	0.5386	24	True
9fyt	seed_3163119785	6.58	0.5674	24	True
9fyt	seed_958682846	9.2046	0.5932	24	True
9fzc	seed_1181241943	5.7866	0.4763	12	False
9fzc	seed_1812140441	5.8602	0.4747	12	False
9fzc	seed_2746317213	5.8453	0.4931	12	False
9fzc	seed_3163119785	5.1102	0.4906	12	False
9fzc	seed_958682846	5.6752	0.4582	12	False
9fzd	seed_1181241943	6.3224	1.8664	13	False
9fzd	seed_1812140441	4.7309	1.8197	13	False
9fzd	seed_2746317213	3.875	1.9018	13	False
9fzd	seed_3163119785	4.5647	0.6456	13	False
9fzd	seed_958682846	5.6141	1.8027	13	False
9g2a	seed_1181241943	1.0823	1.0632	20	False
9g2a	seed_1812140441	0.7102	1.1171	20	False
9g2a	seed_2746317213	1.2721	1.006	20	False
9g2a	seed_3163119785	1.2126	1.0434	20	False
9g2a	seed_958682846	1.2614	1.0209	20	False
9g2g	seed_1181241943	2.4322	1.3177	17	False
9g2g	seed_1812140441	2.3264	1.6349	17	False
9g2g	seed_2746317213	2.394	1.5548	17	False
9g2g	seed_3163119785	2.0389	1.414	17	False
9g2g	seed_958682846	2.7274	1.6786	17	False
9g48	seed_1181241943	7.1431	0.8564	24	False
9g48	seed_1812140441	6.7657	0.8072	24	False
9g48	seed_2746317213	7.4248	0.8195	24	False
9g48	seed_3163119785	5.1079	0.8394	24	False
9g48	seed_958682846	5.1339	0.8661	24	False
9g5l	seed_1181241943	4.382	2.3446	26	False
9g5l	seed_1812140441	3.076	2.0366	26	False
9g5l	seed_2746317213	8.8357	1.6144	26	False
9g5l	seed_3163119785	4.6782	1.5482	26	False
9g5l	seed_958682846	12.1597	1.4902	26	False
9g7k	seed_1181241943	2.7038	1.0681	23	False
9g7k	seed_1812140441	2.4528	1.0677	23	False
9g7k	seed_2746317213	2.3407	1.0531	23	False
9g7k	seed_3163119785	2.2004	1.0711	23	False
9g7k	seed_958682846	2.7005	1.0753	23	False
9g97	seed_1181241943	0.6996	0.5986	21	False
9g97	seed_1812140441	0.3989	0.5797	21	False
9g97	seed_2746317213	0.4733	0.6965	21	False
9g97	seed_3163119785	0.3953	0.8102	21	False
9g97	seed_958682846	0.3564	0.5579	21	False
9ggp	seed_1181241943	4.4467	4.4683	15	True
9ggp	seed_1812140441	6.0091	4.8743	15	True
9ggp	seed_2746317213	6.1907	4.8884	15	True
9ggp	seed_3163119785	5.9801	4.7616	15	True
9ggp	seed_958682846	6.2618	5.0176	15	True
9ghi	seed_1181241943	3.1421	3.0093	13	True
9ghi	seed_1812140441	2.8831	2.7671	13	True
9ghi	seed_2746317213	3.7202	3.2806	13	True
9ghi	seed_3163119785	3.3183	3.1614	13	True
9ghi	seed_958682846	3.5028	3.2594	13	True
9ghj	seed_1181241943	2.4505	1.4293	16	True
9ghj	seed_1812140441	4.2867	4.1345	16	True
9ghj	seed_2746317213	3.4096	3.8166	16	True
9ghj	seed_3163119785	2.4948	2.7186	16	True
9ghj	seed_958682846	3.8136	3.9981	16	True
9glz	seed_1181241943	2.9606	2.4323	18	False
9glz	seed_1812140441	3.2168	2.3898	18	False
9glz	seed_2746317213	4.5897	2.3756	18	False
9glz	seed_3163119785	2.2399	2.3566	18	False
9glz	seed_958682846	4.5965	2.3605	18	False
9gox	seed_1181241943	2.8557	1.3958	14	True
9gox	seed_1812140441	2.6094	1.4092	14	True
9gox	seed_2746317213	2.6342	1.3861	14	True
9gox	seed_3163119785	2.7481	1.3116	14	True
9gox	seed_958682846	2.8653	1.239	14	True
9gv3	seed_1181241943	0.5853	0.505	26	False
9gv3	seed_1812140441	0.5288	0.4765	26	False
9gv3	seed_2746317213	0.3528	0.4905	26	False
9gv3	seed_3163119785	0.5401	0.4882	26	False
9gv3	seed_958682846	0.6013	0.5045	26	False
9gvl	seed_1181241943	31.9671	17.6833	17	False
9gvl	seed_1812140441	32.8619	17.6736	17	False
9gvl	seed_2746317213	30.5556	17.3774	17	False
9gvl	seed_3163119785	32.1795	17.6966	17	False
9gvl	seed_958682846	34.8276	17.3111	17	False
9gvn	seed_1181241943	0.4383	0.5913	13	True
9gvn	seed_1812140441	1.4591	0.6105	13	True
9gvn	seed_2746317213	0.6172	0.5953	13	True
9gvn	seed_3163119785	0.3158	0.6339	13	True
9gvn	seed_958682846	0.4259	0.6015	13	True
9gvo	seed_1181241943	24.6382	16.5328	15	False
9gvo	seed_1812140441	20.0305	10.8662	15	False
9gvo	seed_2746317213	4.9721	2.5419	15	False
9gvo	seed_3163119785	6.1084	2.0115	15	False
9gvo	seed_958682846	16.4818	11.3608	15	False
9h1f	seed_1181241943	1.1411	0.5697	7	False
9h1f	seed_1812140441	1.0122	0.7964	7	False
9h1f	seed_2746317213	1.7304	0.8147	7	False
9h1f	seed_3163119785	1.3847	0.7919	7	False
9h1f	seed_958682846	0.9899	0.8269	7	False
9h39	seed_1181241943	2.0736	0.6862	15	False
9h39	seed_1812140441	6.5566	1.4685	15	False
9h39	seed_2746317213	6.9226	1.3696	15	False
9h39	seed_3163119785	5.9677	0.7313	15	False
9h39	seed_958682846	6.2534	0.7513	15	False
9h4r	seed_1181241943	0.4237	0.5158	13	True
9h4r	seed_1812140441	0.315	0.3541	13	True
9h4r	seed_2746317213	0.2924	0.3824	13	True
9h4r	seed_3163119785	0.2568	0.3689	13	True
9h4r	seed_958682846	0.3122	0.3647	13	True
9h4s	seed_1181241943	0.3267	0.266	13	True
9h4s	seed_1812140441	0.4383	0.4321	13	True
9h4s	seed_2746317213	0.3468	0.2969	13	True
9h4s	seed_3163119785	0.2144	0.2919	13	True
9h4s	seed_958682846	0.2581	0.3056	13	True
9h6v	seed_1181241943	0.9195	0.6697	17	False
9h6v	seed_1812140441	1.1313	0.6424	17	False
9h6v	seed_2746317213	0.9872	0.6703	17	False
9h6v	seed_3163119785	1.1072	0.6527	17	False
9h6v	seed_958682846	1.0678	0.6989	17	False
9h77	seed_1181241943	3.0751	0.3581	13	False
9h77	seed_1812140441	1.5484	0.3984	13	False
9h77	seed_2746317213	1.6143	0.3756	13	False
9h77	seed_3163119785	4.7281	0.4224	13	False
9h77	seed_958682846	1.463	0.3463	13	False
9hi4	seed_1181241943	4.3882	4.3595	22	True
9hi4	seed_1812140441	3.1697	3.2875	22	True
9hi4	seed_2746317213	3.9093	3.9655	22	True
9hi4	seed_3163119785	0.8414	1.2091	22	True
9hi4	seed_958682846	4.3201	4.3593	22	True
9hi6	seed_1181241943	0.3045	0.8211	22	True
9hi6	seed_1812140441	0.7076	0.9549	22	True
9hi6	seed_2746317213	0.7073	1.1451	22	True
9hi6	seed_3163119785	1.0492	1.4241	22	True
9hi6	seed_958682846	2.0921	2.0475	22	True
9hj9	seed_1181241943	0.3391	0.5994	18	True
9hj9	seed_1812140441	0.3543	0.6826	18	True
9hj9	seed_2746317213	0.3625	0.6165	18	True
9hj9	seed_3163119785	0.6317	0.7021	18	True
9hj9	seed_958682846	0.7403	0.7188	18	True
9hk1	seed_1181241943	4.9623	4.888	13	True
9hk1	seed_1812140441	2.7561	1.2301	13	True
9hk1	seed_2746317213	2.6401	1.3665	13	True
9hk1	seed_3163119785	4.7825	4.0472	13	True
9hk1	seed_958682846	2.6776	1.3296	13	True
9hll	seed_1181241943	1.5745	0.8208	16	False
9hll	seed_1812140441	3.2911	0.4728	16	False
9hll	seed_2746317213	1.9524	0.7157	16	False
9hll	seed_3163119785	2.3804	0.7874	16	False
9hll	seed_958682846	1.5192	0.8484	16	False
9hml	seed_1181241943	1.2297	0.7419	13	False
9hml	seed_1812140441	4.8681	0.6811	13	False
9hml	seed_2746317213	4.4988	1.1473	13	False
9hml	seed_3163119785	4.2393	0.7103	13	False
9hml	seed_958682846	1.5114	0.673	13	False
9ho4	seed_1181241943	9.494	2.8184	14	False
9ho4	seed_1812140441	8.9748	2.2938	14	False
9ho4	seed_2746317213	9.4785	3.4203	14	False
9ho4	seed_3163119785	9.5762	3.1673	14	False
9ho4	seed_958682846	7.7326	2.5813	14	False
9ho5	seed_1181241943	7.7615	2.2328	14	False
9ho5	seed_1812140441	8.7992	2.2059	14	False
9ho5	seed_2746317213	8.7934	2.3843	14	False
9ho5	seed_3163119785	8.4106	2.1317	14	False
9ho5	seed_958682846	8.798	2.2731	14	False
9ho6	seed_1181241943	8.7104	1.3824	14	False
9ho6	seed_1812140441	8.1908	1.4326	14	False
9ho6	seed_2746317213	8.4728	1.3597	14	False
9ho6	seed_3163119785	8.4975	1.3632	14	False
9ho6	seed_958682846	8.4254	1.2992	14	False
9hub	seed_1181241943	4.3109	1.8795	24	True
9hub	seed_1812140441	4.6366	1.8786	24	True
9hub	seed_2746317213	4.3423	1.748	24	True
9hub	seed_3163119785	4.4076	1.7976	24	True
9hub	seed_958682846	3.6805	1.83	24	True
9huo	seed_1181241943	6.7194	0.745	24	True
9huo	seed_1812140441	6.7927	0.7647	24	True
9huo	seed_2746317213	9.9661	0.7682	24	True
9huo	seed_3163119785	6.3582	0.766	24	True
9huo	seed_958682846	10.73	0.7644	24	True
9hur	seed_1181241943	1.0943	1.1791	18	False
9hur	seed_1812140441	0.9949	1.1766	18	False
9hur	seed_2746317213	0.8459	0.588	18	False
9hur	seed_3163119785	0.5769	1.2552	18	False
9hur	seed_958682846	0.5501	1.164	18	False
9hxo	seed_1181241943	6.6506	0.6278	24	True
9hxo	seed_1812140441	6.7509	0.6469	24	True
9hxo	seed_2746317213	9.7059	0.6413	24	True
9hxo	seed_3163119785	6.3039	0.6271	24	True
9hxo	seed_958682846	10.4637	0.6327	24	True
9hzj	seed_1181241943	0.9007	0.6328	18	False
9hzj	seed_1812140441	0.81	0.7299	18	False
9hzj	seed_2746317213	0.9515	0.8199	18	False
9hzj	seed_3163119785	0.8473	0.7304	18	False
9hzj	seed_958682846	0.7253	0.6563	18	False
9hzk	seed_1181241943	1.5543	0.9998	18	False
9hzk	seed_1812140441	1.6624	0.9449	18	False
9hzk	seed_2746317213	1.6057	0.9726	18	False
9hzk	seed_3163119785	1.6611	1.0037	18	False
9hzk	seed_958682846	1.6017	0.9457	18	False
9i59	seed_1181241943	1.3158	1.1145	12	True
9i59	seed_1812140441	1.3754	1.2737	12	True
9i59	seed_2746317213	1.3793	1.0255	12	True
9i59	seed_3163119785	1.2913	1.064	12	True
9i59	seed_958682846	1.3605	1.094	12	True
9iqp	seed_1181241943	6.1206	0.9465	19	False
9iqp	seed_1812140441	6.115	0.864	19	False
9iqp	seed_2746317213	6.597	0.883	19	False
9iqp	seed_3163119785	3.1997	0.7824	19	False
9iqp	seed_958682846	2.7519	0.8017	19	False
9jbq	seed_1181241943	4.4532	1.05	14	True
9jbq	seed_1812140441	3.5259	0.9604	14	True
9jbq	seed_2746317213	6.4678	1.0228	14	True
9jbq	seed_3163119785	4.0979	0.9674	14	True
9jbq	seed_958682846	6.6589	0.9495	14	True
9jcy	seed_1181241943	1.274	0.7496	17	True
9jcy	seed_1812140441	1.9603	0.914	17	True
9jcy	seed_2746317213	4.7702	4.2536	17	True
9jcy	seed_3163119785	4.8098	4.453	17	True
9jcy	seed_958682846	1.395	0.7296	17	True
9jd0	seed_1181241943	11.1455	1.4559	16	False
9jd0	seed_1812140441	10.85	1.5075	16	False
9jd0	seed_2746317213	12.1331	1.4767	16	False
9jd0	seed_3163119785	13.1762	1.5294	16	False
9jd0	seed_958682846	11.8557	1.5845	16	False
9jd1	seed_1181241943	9.3104	0.8428	22	True
9jd1	seed_1812140441	10.0024	0.887	22	True
9jd1	seed_2746317213	9.0945	1.3925	22	True
9jd1	seed_3163119785	10.0709	1.1343	22	True
9jd1	seed_958682846	10.9985	0.8759	22	True
9jeb	seed_1181241943	26.371	17.791	17	False
9jeb	seed_1812140441	25.0758	16.9678	17	False
9jeb	seed_2746317213	27.8459	17.8025	17	False
9jeb	seed_3163119785	27.7938	17.5272	17	False
9jeb	seed_958682846	26.8455	17.1318	17	False
9jno	seed_1181241943	1.7373	1.0577	19	True
9jno	seed_1812140441	4.2268	4.3694	19	True
9jno	seed_2746317213	5.5065	1.104	19	True
9jno	seed_3163119785	0.9367	1.2981	19	True
9jno	seed_958682846	0.9249	1.1122	19	True
9jqv	seed_1181241943	2.6551	3.1797	14	True
9jqv	seed_1812140441	0.4058	1.003	14	True
9jqv	seed_2746317213	0.5352	0.9988	14	True
9jqv	seed_3163119785	0.8392	1.0618	14	True
9jqv	seed_958682846	1.1236	1.0265	14	True
9kur	seed_1181241943	1.8465	2.8816	18	True
9kur	seed_1812140441	3.3055	3.4155	18	True
9kur	seed_2746317213	5.9818	3.4524	18	True
9kur	seed_3163119785	3.2671	3.8522	18	True
9kur	seed_958682846	3.6555	4.0095	18	True
9l9y	seed_1181241943	3.4445	4.2643	7	True
9l9y	seed_1812140441	3.1008	4.03	7	True
9l9y	seed_2746317213	1.0316	1.4346	7	True
9l9y	seed_3163119785	0.9489	0.8709	7	True
9l9y	seed_958682846	2.0676	2.7332	7	True
9lad	seed_1181241943	0.8216	1.4274	9	False
9lad	seed_1812140441	1.1113	1.3161	9	False
9lad	seed_2746317213	1.1979	1.4114	9	False
9lad	seed_3163119785	1.0063	1.4599	9	False
9lad	seed_958682846	1.5011	1.3459	9	False
9lh2	seed_1181241943	6.6593	0.6249	21	False
9lh2	seed_1812140441	1.2569	0.5016	21	False
9lh2	seed_2746317213	1.5847	1.3752	21	False
9lh2	seed_3163119785	2.0878	0.6971	21	False
9lh2	seed_958682846	2.1117	0.4796	21	False
9lme	seed_1181241943	0.7896	0.57	10	False
9lme	seed_1812140441	0.9065	0.6164	10	False
9lme	seed_2746317213	0.8308	0.6012	10	False
9lme	seed_3163119785	0.8829	0.5602	10	False
9lme	seed_958682846	0.6763	0.5846	10	False
9lrf	seed_1181241943	15.7472	10.061	16	True
9lrf	seed_1812140441	17.1899	10.6513	16	True
9lrf	seed_2746317213	16.8895	10.6523	16	True
9lrf	seed_3163119785	16.4798	10.2707	16	True
9lrf	seed_958682846	16.9305	10.4394	16	True
9m5b	seed_1181241943	0.3108	0.8486	10	True
9m5b	seed_1812140441	0.7989	0.9819	10	True
9m5b	seed_2746317213	0.6724	0.9007	10	True
9m5b	seed_3163119785	0.7629	0.8844	10	True
9m5b	seed_958682846	0.7348	0.9633	10	True
9m6j	seed_1181241943	0.6484	0.5278	17	False
9m6j	seed_1812140441	0.5364	0.5581	17	False
9m6j	seed_2746317213	0.6153	0.5489	17	False
9m6j	seed_3163119785	0.7401	0.5781	17	False
9m6j	seed_958682846	0.7627	0.5281	17	False
9m6o	seed_1181241943	1.4802	2.1389	17	False
9m6o	seed_1812140441	0.5702	1.0098	17	False
9m6o	seed_2746317213	0.5136	0.9859	17	False
9m6o	seed_3163119785	0.7011	0.9744	17	False
9m6o	seed_958682846	0.5394	0.9546	17	False
9mer	seed_1181241943	1.7774	1.6194	18	True
9mer	seed_1812140441	2.3603	2.2811	18	True
9mer	seed_2746317213	1.7182	1.8753	18	True
9mer	seed_3163119785	2.1657	2.1728	18	True
9mer	seed_958682846	2.1676	2.0146	18	True
9mev	seed_1181241943	0.6664	0.6732	18	True
9mev	seed_1812140441	0.5077	0.6335	18	True
9mev	seed_2746317213	0.6198	0.658	18	True
9mev	seed_3163119785	0.5651	0.6486	18	True
9mev	seed_958682846	0.6466	0.6622	18	True
9mic	seed_1181241943	1.9448	2.2196	13	True
9mic	seed_1812140441	2.0731	2.1799	13	True
9mic	seed_2746317213	2.4037	0.6969	13	True
9mic	seed_3163119785	1.6955	1.5184	13	True
9mic	seed_958682846	2.0588	2.1695	13	True
9mid	seed_1181241943	2.3536	1.3562	14	True
9mid	seed_1812140441	2.5947	1.3437	14	True
9mid	seed_2746317213	2.6945	1.2938	14	True
9mid	seed_3163119785	7.7917	10.2128	14	True
9mid	seed_958682846	2.7063	1.7839	14	True
9mif	seed_1181241943	1.0415	0.7401	16	True
9mif	seed_1812140441	0.745	0.7037	16	True
9mif	seed_2746317213	1.4822	0.6289	16	True
9mif	seed_3163119785	4.1682	4.402	16	True
9mif	seed_958682846	1.5207	0.9964	16	True
9mj3	seed_1181241943	4.599	3.0601	16	True
9mj3	seed_1812140441	4.8982	1.4273	16	True
9mj3	seed_2746317213	3.9353	1.5773	16	True
9mj3	seed_3163119785	3.7147	1.7535	16	True
9mj3	seed_958682846	4.7549	3.1534	16	True
9ml8	seed_1181241943	2.5949	2.4425	19	True
9ml8	seed_1812140441	1.9864	2.2373	19	True
9ml8	seed_2746317213	1.5813	2.1944	19	True
9ml8	seed_3163119785	1.92	2.3948	19	True
9ml8	seed_958682846	1.9547	2.2544	19	True
9mqv	seed_1181241943	7.6154	4.8234	22	True
9mqv	seed_1812140441	5.6702	4.4349	22	True
9mqv	seed_2746317213	9.2515	7.883	22	True
9mqv	seed_3163119785	4.2425	1.1072	22	True
9mqv	seed_958682846	6.4915	6.1551	22	True
9mxi	seed_1181241943	2.2898	1.341	19	True
9mxi	seed_1812140441	4.3718	5.3001	19	True
9mxi	seed_2746317213	1.561	1.7906	19	True
9mxi	seed_3163119785	1.4877	1.961	19	True
9mxi	seed_958682846	3.5682	4.8976	19	True
9n8i	seed_1181241943	0.5314	0.6931	17	True
9n8i	seed_1812140441	1.4351	1.1411	17	True
9n8i	seed_2746317213	2.2515	0.8657	17	True
9n8i	seed_3163119785	0.9736	0.9777	17	True
9n8i	seed_958682846	1.8296	2.09	17	True
9n8n	seed_1181241943	3.2266	1.0645	17	True
9n8n	seed_1812140441	4.4938	1.5156	17	True
9n8n	seed_2746317213	5.9058	1.1032	17	True
9n8n	seed_3163119785	3.938	1.7464	17	True
9n8n	seed_958682846	7.4716	3.5094	17	True
9ncd	seed_1181241943	1.5618	1.1657	14	True
9ncd	seed_1812140441	2.9462	3.1144	14	True
9ncd	seed_2746317213	1.749	1.2685	14	True
9ncd	seed_3163119785	2.4026	2.3794	14	True
9ncd	seed_958682846	1.7554	1.2233	14	True
9njy	seed_1181241943	1.4119	1.2405	18	True
9njy	seed_1812140441	0.8927	0.8409	18	True
9njy	seed_2746317213	1.1724	1.082	18	True
9njy	seed_3163119785	1.2579	0.9995	18	True
9njy	seed_958682846	2.0262	1.6618	18	True
9npi	seed_1181241943	3.5035	2.0618	15	True
9npi	seed_1812140441	3.7305	2.7118	15	True
9npi	seed_2746317213	3.2621	2.7907	15	True
9npi	seed_3163119785	3.1617	2.3223	15	True
9npi	seed_958682846	3.9431	2.737	15	True
9oar	seed_1181241943	4.4088	4.2273	17	True
9oar	seed_1812140441	3.4465	3.3411	17	True
9oar	seed_2746317213	3.9906	3.7009	17	True
9oar	seed_3163119785	2.916	1.2496	17	True
9oar	seed_958682846	1.4118	1.1311	17	True
9obn	seed_1181241943	4.8007	2.5337	18	False
9obn	seed_1812140441	3.3598	1.3954	18	False
9obn	seed_2746317213	4.8984	1.492	18	False
9obn	seed_3163119785	7.2489	1.4359	18	False
9obn	seed_958682846	3.2815	1.346	18	False
9pi9	seed_1181241943	6.7556	5.0069	14	True
9pi9	seed_1812140441	6.2376	5.3725	14	True
9pi9	seed_2746317213	6.19	5.2074	14	True
9pi9	seed_3163119785	6.2574	5.3122	14	True
9pi9	seed_958682846	3.0719	0.7706	14	True
9pru	seed_1181241943	2.2929	3.2586	10	True
9pru	seed_1812140441	1.1032	0.996	10	True
9pru	seed_2746317213	1.3114	0.7263	10	True
9pru	seed_3163119785	1.5803	0.8498	10	True
9pru	seed_958682846	2.2882	3.3381	10	True
9pzi	seed_1181241943	2.0917	0.937	19	True
9pzi	seed_1812140441	3.4165	4.4173	19	True
9pzi	seed_2746317213	1.7644	0.9839	19	True
9pzi	seed_3163119785	3.5581	4.4424	19	True
9pzi	seed_958682846	3.982	5.1462	19	True
9q8l	seed_1181241943	1.5469	1.2931	8	True
9q8l	seed_1812140441	1.1717	1.1118	8	True
9q8l	seed_2746317213	1.6987	1.4049	8	True
9q8l	seed_3163119785	1.6641	1.3204	8	True
9q8l	seed_958682846	1.8273	1.4253	8	True
9qrv	seed_1181241943	0.7739	0.849	19	True
9qrv	seed_1812140441	1.5611	0.6659	19	True
9qrv	seed_2746317213	0.9471	1.0498	19	True
9qrv	seed_3163119785	0.6521	0.8608	19	True
9qrv	seed_958682846	0.6666	1.184	19	True
9rit	seed_1181241943	3.9724	0.7431	12	False
9rit	seed_1812140441	3.6112	0.9865	12	False
9rit	seed_2746317213	4.4954	1.0268	12	False
9rit	seed_3163119785	3.0119	0.5728	12	False
9rit	seed_958682846	3.2292	0.6807	12	False
9riu	seed_1181241943	0.8443	1.3115	12	False
9riu	seed_1812140441	1.7347	1.3241	12	False
9riu	seed_2746317213	2.2979	1.5704	12	False
9riu	seed_3163119785	2.0547	1.3065	12	False
9riu	seed_958682846	2.6581	1.4423	12	False
9rm2	seed_1181241943	1.3472	1.0689	15	True
9rm2	seed_1812140441	3.0755	1.05	15	True
9rm2	seed_2746317213	2.0081	1.4482	15	True
9rm2	seed_3163119785	2.9923	1.3238	15	True
9rm2	seed_958682846	3.6637	1.151	15	True
9rn6	seed_1181241943	2.0127	1.1146	11	False
9rn6	seed_1812140441	3.9559	0.9991	11	False
9rn6	seed_2746317213	1.7982	1.0465	11	False
9rn6	seed_3163119785	2.2494	1.104	11	False
9rn6	seed_958682846	4.3867	1.1663	11	False
9th6	seed_1181241943	2.6925	0.7135	16	False
9th6	seed_1812140441	3.5513	0.7999	16	False
9th6	seed_2746317213	3.2583	0.6972	16	False
9th6	seed_3163119785	4.2207	0.7521	16	False
9th6	seed_958682846	3.3271	0.8826	16	False
9u8g	seed_1181241943	7.5278	1.3149	14	False
9u8g	seed_1812140441	2.3878	1.2332	14	False
9u8g	seed_2746317213	2.7962	0.926	14	False
9u8g	seed_3163119785	3.2192	1.1589	14	False
9u8g	seed_958682846	5.5079	1.2155	14	False
9uk5	seed_1181241943	5.2391	4.2943	12	True
9uk5	seed_1812140441	3.21	1.129	12	True
9uk5	seed_2746317213	3.5991	3.8444	12	True
9uk5	seed_3163119785	1.763	1.5016	12	True
9uk5	seed_958682846	3.7951	4.3189	12	True
9uvi	seed_1181241943	1.6101	0.3043	12	True
9uvi	seed_1812140441	1.7986	0.2984	12	True
9uvi	seed_2746317213	1.5944	0.3215	12	True
9uvi	seed_3163119785	1.8989	0.3284	12	True
9uvi	seed_958682846	1.6485	0.3774	12	True
9uzb	seed_1181241943	2.2245	2.7167	11	True
9uzb	seed_1812140441	2.5126	1.6481	11	True
9uzb	seed_2746317213	1.8857	2.2926	11	True
9uzb	seed_3163119785	2.1579	0.7993	11	True
9uzb	seed_958682846	1.8455	2.2099	11	True
9uzc	seed_1181241943	3.1961	1.6982	11	True
9uzc	seed_1812140441	3.0558	1.3451	11	True
9uzc	seed_2746317213	5.5756	2.1055	11	True
9uzc	seed_3163119785	1.5517	1.6021	11	True
9uzc	seed_958682846	2.1826	2.1927	11	True
9uzd	seed_1181241943	2.6149	2.7405	11	True
9uzd	seed_1812140441	2.2146	2.7569	11	True
9uzd	seed_2746317213	4.165	2.7546	11	True
9uzd	seed_3163119785	1.5681	1.4329	11	True
9uzd	seed_958682846	2.8724	1.0238	11	True
9uze	seed_1181241943	2.7082	2.6276	11	True
9uze	seed_1812140441	2.1923	2.7169	11	True
9uze	seed_2746317213	3.4829	1.9225	11	True
9uze	seed_3163119785	1.8256	2.2095	11	True
9uze	seed_958682846	3.0057	0.966	11	True
9uzf	seed_1181241943	2.2466	2.8817	11	True
9uzf	seed_1812140441	2.5184	1.7293	11	True
9uzf	seed_2746317213	2.2001	2.3565	11	True
9uzf	seed_3163119785	2.0656	0.599	11	True
9uzf	seed_958682846	2.0139	2.2983	11	True
9uzg	seed_1181241943	2.2901	2.7614	11	True
9uzg	seed_1812140441	2.2182	1.2168	11	True
9uzg	seed_2746317213	2.0518	1.7072	11	True
9uzg	seed_3163119785	2.4898	2.8437	11	True
9uzg	seed_958682846	2.5281	1.3101	11	True
9uzh	seed_1181241943	2.6042	3.163	11	True
9uzh	seed_1812140441	2.2206	2.6566	11	True
9uzh	seed_2746317213	2.2597	1.8856	11	True
9uzh	seed_3163119785	2.2013	0.9265	11	True
9uzh	seed_958682846	2.414	1.1751	11	True
9uzi	seed_1181241943	2.2742	2.684	11	True
9uzi	seed_1812140441	2.4997	1.6848	11	True
9uzi	seed_2746317213	1.9385	2.2583	11	True
9uzi	seed_3163119785	2.1834	0.7421	11	True
9uzi	seed_958682846	1.9003	2.1737	11	True
9vdy	seed_1181241943	1.047	1.0734	13	True
9vdy	seed_1812140441	0.9706	0.9682	13	True
9vdy	seed_2746317213	1.1268	1.0059	13	True
9vdy	seed_3163119785	1.102	1.0244	13	True
9vdy	seed_958682846	0.8031	0.8408	13	True
9vdz	seed_1181241943	2.0673	1.7817	13	True
9vdz	seed_1812140441	5.0022	4.971	13	True
9vdz	seed_2746317213	1.3723	1.3806	13	True
9vdz	seed_3163119785	1.5782	1.463	13	True
9vdz	seed_958682846	1.3102	1.2781	13	True
9vjj	seed_1181241943	2.2063	0.3482	16	True
9vjj	seed_1812140441	2.2328	0.3873	16	True
9vjj	seed_2746317213	2.1481	0.3464	16	True
9vjj	seed_3163119785	2.088	0.338	16	True
9vjj	seed_958682846	4.118	0.3706	16	True
9vp0	seed_1181241943	4.0865	4.8387	12	True
9vp0	seed_1812140441	3.0337	1.1234	12	True
9vp0	seed_2746317213	5.3016	4.1851	12	True
9vp0	seed_3163119785	1.9159	1.7465	12	True
9vp0	seed_958682846	3.8634	4.3873	12	True
9y0a	seed_1181241943	6.1329	9.4063	16	True
9y0a	seed_1812140441	1.3553	0.7425	16	True
9y0a	seed_2746317213	0.3841	0.7293	16	True
9y0a	seed_3163119785	1.4204	1.4366	16	True
9y0a	seed_958682846	6.227	9.7017	16	True
9yio	seed_1181241943	6.0361	4.2326	14	True
9yio	seed_1812140441	3.8156	4.1329	14	True
9yio	seed_2746317213	4.6432	4.3934	14	True
9yio	seed_3163119785	4.0404	3.819	14	True
9yio	seed_958682846	4.5916	3.8318	14	True
