pdb	seed	DockQ_HA	iRMSD_HA	fnat_HA
7y3o	101	0.10096766993749011	7.5922857171483695	0.08823529411764706
7y3o	102	0.02144403431162097	16.728630539441973	0.0
7y3o	103	0.19447895000897333	5.610707197254011	0.20588235294117646
7y3o	104	0.1714996927471709	6.12138538805464	0.20588235294117646
7y3o	105	0.01805963781934749	16.678701611442182	0.0
7yds	101	0.0424993200959265	11.545412768263564	0.0
7yds	102	0.32833796150779176	3.6302858316841338	0.2647058823529412
7yds	103	0.29588478753450315	4.074082846686683	0.29411764705882354
7yds	104	0.2860454945566348	3.9298918932928357	0.23529411764705882
7yds	105	0.3093173805288456	3.9927308471161718	0.29411764705882354
7yv1	101	0.06633182708401471	12.211287302406133	0.1
7yv1	102	0.046770994389657115	11.710513738728528	0.03333333333333333
7yv1	103	0.02095650537143437	13.224630855533208	0.0
7yv1	104	0.2901344692357701	4.038543292686061	0.3333333333333333
7yv1	105	0.0170812516851071	14.056448070507392	0.0
7z1x	101	0.011046413356045318	12.148004428727328	0.0
7z1x	102			
7z1x	103			
7z1x	104			
7z1x	105			
7zau	101			
7zau	102			
7zau	103			
7zau	104			
7zau	105			
7zoz	101	0.0647011838859015	11.459686353108436	0.06060606060606061
7zoz	102	0.4380266985237942	3.1497340375962586	0.5757575757575758
7zoz	103	0.3774171535354196	3.4523770467583064	0.48484848484848486
7zoz	104	0.35703199730630786	3.5601930380798716	0.48484848484848486
7zoz	105	0.11915448927884376	9.238117393787766	0.18181818181818182
8a44	101	0.004592049772329525	17.922862086283097	0.0
8a44	102	0.004720628944264578	17.747221045165052	0.0
8a44	103	0.004376348495395632	18.399727150337934	0.0
8a44	104	0.004981593805253713	17.38165315345219	0.0
8a44	105	0.019967854872327835	8.34020416681483	0.0
8acf	101	0.641006673030699	1.0154702902688149	0.7551020408163265
8acf	102	0.660144130315971	0.9674730891747726	0.8367346938775511
8acf	103	0.6488586208333068	0.9360496205103511	0.7959183673469388
8acf	104	0.6279523542537019	1.0391474952712374	0.7755102040816326
8acf	105	0.621730488604508	1.073314717639883	0.7959183673469388
8aci	101	0.7079502187978374	0.69524580581823	0.8297872340425532
8aci	102	0.6909649606655864	0.7828549681689612	0.851063829787234
8aci	103	0.7037440174311951	0.8061168647452159	0.8297872340425532
8aci	104	0.69297408068599	0.8716535546874712	0.8085106382978723
8aci	105	0.7025043295023102	0.7295008979689191	0.8297872340425532
8aok	101	0.516397731344501	2.323753143603911	0.5769230769230769
8aok	102	0.04287872650577038	12.988993656057534	0.0
8aok	103	0.5697429607873813	2.2614171206389777	0.6346153846153846
8aok	104	0.584035731457239	2.194821104755392	0.6346153846153846
8aok	105	0.04222665708552704	13.043553874953025	0.0
8aom	101	0.7377484467818954	1.2548679512244285	0.7954545454545454
8aom	102	0.36638350883635024	3.1340013384928964	0.5
8aom	103	0.7617388813924025	1.1387077226529532	0.8181818181818182
8aom	104	0.6851325254447659	1.6118556880694936	0.7727272727272727
8aom	105	0.8220436673904818	0.9588048849821352	0.8409090909090909
8apy	101	0.8975239484284563	0.645138714717912	0.868421052631579
8apy	102	0.8981997728174017	0.6088059679965989	0.8552631578947368
8apy	103	0.9047611704685563	0.6046783747666654	0.868421052631579
8apy	104	0.8846127725941192	0.6881512691420545	0.8552631578947368
8apy	105	0.8989290486119305	0.6432367220722576	0.868421052631579
8b17	101	0.8981950680748533	0.5466425672063878	0.9113924050632911
8b17	102	0.913452558064262	0.4840135373175631	0.9113924050632911
8b17	103	0.9102413734305418	0.4404451968115583	0.8987341772151899
8b17	104	0.9130083376818857	0.5770110367174893	0.9113924050632911
8b17	105	0.898838965734105	0.4816034210250037	0.8987341772151899
8b18	101	0.907365443647928	0.52299156976902	0.922077922077922
8b18	102	0.9270348417965969	0.4734712789993864	0.948051948051948
8b18	103	0.9189796959443183	0.43767745123677604	0.922077922077922
8b18	104	0.9130846801602841	0.5750677967842928	0.9090909090909091
8b18	105	0.8981466973081744	0.4819257371801045	0.8961038961038961
8b19	101	0.9031122110796632	0.521711259877546	0.9102564102564102
8b19	102	0.9262723578484565	0.45361567980943807	0.9358974358974359
8b19	103	0.9166655845604267	0.4293000691586495	0.9102564102564102
8b19	104	0.9218208335446799	0.5465369323590341	0.9230769230769231
8b19	105	0.9037015851370448	0.4523726692015013	0.8974358974358975
8b1a	101	0.9030004090527678	0.5424347193281407	0.9113924050632911
8b1a	102	0.9152970241422024	0.4948056887871316	0.9240506329113924
8b1a	103	0.9079256943533554	0.4580313885578325	0.8987341772151899
8b1a	104	0.917205342792106	0.5765658646536196	0.9240506329113924
8b1a	105	0.8975288393498877	0.48867970946681866	0.8987341772151899
8b1d	101	0.9176281237494588	0.5339948125539307	0.958904109589041
8b1d	102	0.9366016389541544	0.4724956641491243	0.9726027397260274
8b1d	103	0.9274760313237081	0.438077078935557	0.9452054794520548
8b1d	104	0.9251241540745395	0.5756661170693679	0.9452054794520548
8b1d	105	0.9134121744699385	0.46985746077410095	0.9315068493150684
8b1e	101	0.9020457535925449	0.5405881295659009	0.9066666666666666
8b1e	102	0.9199066486066895	0.4854942395448452	0.9333333333333333
8b1e	103	0.9124037584237709	0.4484416550702823	0.9066666666666666
8b1e	104	0.9166794136692079	0.5740592627137353	0.92
8b1e	105	0.8976743593374148	0.47692625728522486	0.8933333333333333
8b1f	101	0.9118777039619456	0.5644820359161754	0.9473684210526315
8b1f	102	0.9207889015795966	0.5117308487954256	0.9473684210526315
8b1f	103	0.9170014418329538	0.4804371059510893	0.9342105263157895
8b1f	104	0.9211265237864287	0.6030087500296365	0.9473684210526315
8b1f	105	0.9073347101983317	0.50603486941366	0.9342105263157895
8b1g	101	0.9028665276030555	0.5661426380094204	0.9210526315789473
8b1g	102	0.9140983860098061	0.5237155132729729	0.9342105263157895
8b1g	103	0.9078184441105345	0.48011850483659074	0.9078947368421053
8b1g	104	0.9090917160587769	0.6245823800060826	0.9210526315789473
8b1g	105	0.891049737956128	0.5254370332663414	0.8947368421052632
8b7h	101	0.3783968953476475	3.3398227413417474	0.696969696969697
8b7h	102	0.41943057211990514	3.163800056473112	0.6060606060606061
8b7h	103	0.3748867881057225	3.2177571391482864	0.6060606060606061
8b7h	104	0.315222100077158	3.489186325867504	0.45454545454545453
8b7h	105	0.41534375600240764	2.950707507477103	0.7272727272727273
8be2	101	0.8150848147256845	0.6856016537479825	0.7735849056603774
8be2	102	0.719835864187103	0.9650330145529976	0.7547169811320755
8be2	103	0.7176869070488218	0.6788593728197214	0.8113207547169812
8be2	104	0.6167352005311676	0.5653436589831279	0.7547169811320755
8be2	105	0.8974371682807295	0.45925468547371107	0.8113207547169812
8bec	101			
8bec	102			
8bec	103			
8bec	104			
8bec	105			
8bg2	101			
8bg2	102			
8bg2	103			
8bg2	104			
8bg2	105			
8bg3	101			
8bg3	102			
8bg3	103			
8bg3	104			
8bg3	105			
8bg4	101	0.027327706148007835	22.42684848407935	0.05714285714285714
8bg4	102	0.026086155626906932	21.46932057211964	0.05714285714285714
8bg4	103	0.026230153818274888	20.91755363751392	0.0380952380952381
8bg4	104	0.022882372238277715	22.559315167308448	0.047619047619047616
8bg4	105	0.026478899198315406	20.528187595303844	0.0380952380952381
8bg5	101	0.01923674039998759	20.781296670562487	0.031578947368421054
8bg5	102	0.021378530522561893	20.84671860599203	0.042105263157894736
8bg5	103	0.03474349142976349	20.218042609923184	0.07368421052631578
8bg5	104	0.024789667862983686	20.196954691485832	0.042105263157894736
8bg5	105	0.027615963104626357	20.088370623591842	0.05263157894736842
8bk2	101			
8bk2	102	0.8370903960071451	0.4055076678822068	0.8275862068965517
8bk2	103	0.8429109862078871	0.3942116598539998	0.8620689655172413
8bk2	104			
8bk2	105			
8byu	101	0.005227108060409417	15.925579096809093	0.0
8byu	102	0.006543245164290975	15.29356309314278	0.0
8byu	103	0.007073894721845368	13.681703278012305	0.0
8byu	104	0.00724816599101345	13.52255428384581	0.0
8byu	105	0.0068387428457458675	14.072672001393757	0.0
8c3k	101	0.09898452971873219	7.089612789608632	0.0
8c3k	102	0.05807925851216664	10.35255566021007	0.0
8c3k	103	0.7001590351344268	1.4323197026907302	0.6862745098039216
8c3k	104	0.6585623731462648	1.5158875044368654	0.6274509803921569
8c3k	105	0.10236147806319264	7.0212936249501645	0.0
8c5h	101	0.015842816322909497	14.19628425859973	0.0
8c5h	102	0.015232200490651951	14.792466858135377	0.0
8c5h	103	0.014397833222803616	14.459155975611504	0.0
8c5h	104	0.013087946695402156	13.866534056950833	0.0
8c5h	105	0.013134596799378504	13.922276073312636	0.0
8cbf	101	0.023252641412485436	18.9187230974954	0.0
8cbf	102	0.6536904349417734	1.7832490802901915	0.7727272727272727
8cbf	103	0.6456205407186274	1.6652824996970048	0.7954545454545454
8cbf	104	0.025318471536348596	17.936116466422124	0.0
8cbf	105	0.5941226787717709	1.953109053243723	0.7727272727272727
8d9y	101			
8d9y	102			
8d9y	103			
8d9y	104			
8d9y	105			
8d9z	101	0.6658780527208603	1.3009630357071946	0.8571428571428571
8d9z	102	0.40686905810711327	3.7920170794280015	0.45714285714285713
8d9z	103	0.6706888923476629	1.3892732501830862	0.9142857142857143
8d9z	104	0.655871774652491	1.345469611757274	0.8857142857142857
8d9z	105	0.688144390319451	1.2781277898679795	0.8857142857142857
8da0	101			
8da0	102			
8da0	103			
8da0	104			
8da0	105			
8ee2	101			
8ee2	102			
8ee2	103			
8ee2	104			
8ee2	105			
8eln	101			
8eln	102			
8eln	103			
8eln	104			
8eln	105			
8elq	101	0.011326727963513106	15.270808833241425	0.0
8elq	102	0.011673633124456352	15.131597432069004	0.0
8elq	103	0.012156290588183625	14.699073300941057	0.0
8elq	104	0.01179855942447735	14.916755019555737	0.0
8elq	105	0.01176009353031563	15.11258868419224	0.0
8et0	101	0.7430740837998413	1.289284685066865	0.7183098591549296
8et0	102	0.7217068616804184	1.338607414428726	0.6901408450704225
8et0	103	0.1053051372836008	7.841367153525154	0.16901408450704225
8et0	104	0.6503113865127621	1.5166368669270591	0.5211267605633803
8et0	105	0.6989083475252933	1.4030224474097057	0.6197183098591549
8evd	101			
8evd	102			
8evd	103			
8evd	104	0.9264686847045512	0.5073848349536316	0.8939393939393939
8evd	105			
8ezk	101			
8ezk	102			
8ezk	103			
8ezk	104			
8ezk	105	0.030594414766545217	18.185601288557162	0.025
8ezl	101	0.014435197849900758	26.051659043471915	0.0
8ezl	102	0.018737602313344127	24.665982136918064	0.0
8ezl	103	0.5535773782922967	1.7921991608315364	0.7424242424242424
8ezl	104	0.022579703918376024	25.424585227993134	0.0
8ezl	105	0.5563375775767236	1.508893858165931	0.7121212121212122
8ezm	101	0.07894360080741318	26.60987746293497	0.22580645161290322
8ezm	102	0.07358911383732385	26.62024588200949	0.20967741935483872
8ezm	103	0.07364529444431633	26.9705776596437	0.20967741935483872
8ezm	104	0.044948062000293776	21.537933581615462	0.0967741935483871
8ezm	105	0.0789416220774135	26.82687175222168	0.22580645161290322
8f5i	101	0.8295189575076729	1.1065485198286604	0.9130434782608695
8f5i	102	0.696824460016663	1.4557186214966351	0.8695652173913043
8f5i	103	0.7523895885432391	1.3734511792559927	0.9130434782608695
8f5i	104	0.7463782084769472	1.3725810938968124	0.9130434782608695
8f5i	105	0.7603840812418844	1.3043021253331875	0.9130434782608695
8f6u	101	0.432446333920927	3.1196060854420278	0.5076923076923077
8f6u	102	0.20202434654744786	6.153912124379651	0.4
8f6u	103	0.9537624932170304	0.38148408970576386	0.9692307692307692
8f6u	104	0.9527050391412519	0.3808682131912633	0.9538461538461539
8f6u	105	0.932226177463186	0.43651420332682017	0.9384615384615385
8f6v	101			
8f6v	102	0.00879720533250452	16.741189891733963	0.0
8f6v	103			
8f6v	104			
8f6v	105			
8fdo	101	0.4100391280732825	4.251380982413419	0.5178571428571429
8fdo	102	0.5284365411648144	3.1065880357874684	0.5892857142857143
8fdo	103	0.5377440461894655	2.874323175661613	0.5714285714285714
8fdo	104	0.4878054820869644	4.390113437460198	0.5178571428571429
8fdo	105	0.569752952110527	2.9188791325226586	0.6071428571428571
8fxv	101	0.01081135642644681	16.1938127002249	0.0
8fxv	102	0.011058550431302723	16.255908520067077	0.0
8fxv	103	0.008512690374637323	21.487229187515748	0.0
8fxv	104	0.11766696712267265	7.998606030557741	0.1746031746031746
8fxv	105	0.013706575646970656	13.7078864357457	0.0
8g0i	101	0.01145966738757846	15.681661725590669	0.0
8g0i	102	0.011901548102654308	15.393259595852916	0.0
8g0i	103	0.9409493839451533	0.44422466334613214	0.9180327868852459
8g0i	104	0.9437073507596457	0.43662503322748547	0.9180327868852459
8g0i	105	0.9342089467844067	0.45494285109677374	0.9016393442622951
8g4p	101	0.06740877326180715	13.954184500613867	0.08333333333333333
8g4p	102	0.06485246126523246	14.04097162231675	0.08333333333333333
8g4p	103	0.07983244545309716	14.07189895927774	0.125
8g4p	104	0.08350189474379126	13.835278525523474	0.125
8g4p	105	0.0838509438528355	13.630107585541836	0.125
8gjr	101	0.9524691159737615	0.4906784147328125	0.967741935483871
8gjr	102	0.9239237849614508	0.5549398374613328	0.9193548387096774
8gjr	103	0.8932021851650848	0.5397880941390798	0.8387096774193549
8gjr	104	0.9360851996321419	0.5932466258225312	0.967741935483871
8gjr	105	0.9491330389148619	0.5113828126356537	0.967741935483871
8gy5	101	0.40111422994626206	3.512740261919881	0.7142857142857143
8gy5	102	0.7098326495518036	1.4714976773707344	0.8214285714285714
8gy5	103			
8gy5	104	0.572297385008211	2.331447413425169	0.7142857142857143
8gy5	105			
8gye	101	0.7405613283509825	0.8193410783075216	0.8809523809523809
8gye	102	0.008093516972016516	14.583387808146556	0.0
8gye	103	0.008416376945150005	14.414741805518213	0.0
8gye	104	0.008347507337517017	14.571657608184074	0.0
8gye	105	0.7141827615383658	1.2181307811395297	0.7619047619047619
8h5t	101	0.055185549130796076	8.086831448486704	0.03278688524590164
8h5t	102	0.028942677844949315	8.493649101935954	0.0
8h5t	103	0.032604670731365054	8.177881506818006	0.0
8h5t	104	0.08750763317256323	9.284947982948134	0.11475409836065574
8h5t	105	0.029127982374550204	8.55328684309795	0.0
8h5u	101	0.010075088021900961	19.060467697392756	0.0
8h5u	102	0.010104256521164394	19.241780115830068	0.0
8h5u	103			
8h5u	104	0.009803891220004355	19.34979790743375	0.0
8h5u	105	0.010258870963215637	19.091608155237342	0.0
8h63	101	0.7991247109231502	1.0563682104386147	0.7808219178082192
8h63	102	0.8006270599934444	0.9977788392281357	0.7397260273972602
8h63	103	0.7869776311328334	1.0594101328792018	0.726027397260274
8h63	104	0.8127456245854138	0.9539055212384089	0.7534246575342466
8h63	105	0.7730182367863015	1.0426528462142435	0.6986301369863014
8h64	101			
8h64	102			
8h64	103			
8h64	104			
8h64	105			
8hes	101	0.017869993805429255	21.727085753195354	0.0
8hes	102	0.049780227059875996	9.220142542166542	0.06557377049180328
8hes	103	0.018783638810064094	21.94201676258076	0.0
8hes	104	0.015213181369394204	17.064999530746405	0.0
8hes	105	0.018996402355334504	16.72449017325783	0.0
8hr2	101	0.0100302417552321	14.831881280181868	0.0
8hr2	102	0.009851543789022879	15.001890260415127	0.0
8hr2	103	0.010076595993816212	14.488882390028843	0.0
8hr2	104	0.3562186779681751	3.0390017521789514	0.2978723404255319
8hr2	105	0.01694019836205049	14.970802009475632	0.02127659574468085
8idi	101	0.008390339002325022	15.384967574954516	0.0
8idi	102			
8idi	103			
8idi	104	0.008561683806930507	15.52963687258111	0.0
8idi	105	0.00830307765087805	15.537581024440248	0.0
8ido	101	0.006880960172094944	19.039284704391317	0.0
8ido	102	0.008201733363876243	18.163096256183128	0.0
8ido	103	0.007871591345508968	18.2222697102969	0.0
8ido	104	0.007025889107003506	18.153010789833967	0.0
8ido	105	0.006624052677031614	19.684835018848776	0.0
8im0	101	0.9154833302430313	0.4637047902601726	0.875
8im0	102	0.9050492016055515	0.49855369902384433	0.8571428571428571
8im0	103	0.8920840970956091	0.5747405246648966	0.875
8im0	104	0.8889470673442839	0.485976523411109	0.8392857142857143
8im0	105	0.9400826880121825	0.4148173345270673	0.9107142857142857
8im1	101			
8im1	102			
8im1	103			
8im1	104			
8im1	105			
8ipc	101	0.42454050984022257	2.522205069936873	0.9183673469387755
8ipc	102	0.41031241002996194	2.7200062622671406	0.9183673469387755
8ipc	103	0.3959404332647179	3.0147665063499103	0.9183673469387755
8ipc	104	0.40871596025334417	2.700993621159553	0.9183673469387755
8ipc	105	0.41924001078174333	2.596775138394691	0.9183673469387755
8jel	101			
8jel	102			
8jel	103			
8jel	104			
8jel	105			
8jeo	101			
8jeo	102			
8jeo	103			
8jeo	104	0.9338750430511927	0.5607928448726267	0.9487179487179487
8jeo	105			
8jyr	101	0.039587730565337424	14.412686483928933	0.04878048780487805
8jyr	102	0.017653374236911542	16.02359929262479	0.0
8jyr	103	0.03823311032285465	16.29044101473683	0.0
8jyr	104	0.016790587045725867	16.17117765166129	0.0
8jyr	105	0.017383894102367774	16.131723598837482	0.0
8k33	101			
8k33	102			
8k33	103			
8k33	104			
8k33	105			
8k3k	101	0.014659081495132726	16.707883808180384	0.0
8k3k	102	0.013535361216155206	16.30256923933572	0.0
8k3k	103	0.014000066450458586	16.544120931234747	0.0
8k3k	104	0.012171221516826765	17.26972886204209	0.0
8k3k	105	0.01468651926692873	16.312024447712872	0.0
8k3l	101	0.908768048437398	0.5231005148412802	0.8518518518518519
8k3l	102	0.9155219900236616	0.5748507339722407	0.8888888888888888
8k3l	103	0.044210331558094236	12.528031853883776	0.05555555555555555
8k3l	104	0.9542682514056349	0.48396822585500615	0.9629629629629629
8k3l	105	0.9225824146758894	0.5365026758132574	0.8888888888888888
8opr	101	0.03354992045987445	20.338670201030318	0.0
8opr	102	0.04834175459431735	19.410609283155452	0.0
8opr	103	0.03728927587950009	19.907835898575193	0.0
8opr	104	0.02280807344447126	19.154635927853757	0.0
8opr	105	0.04573160954897309	17.81871930480433	0.014084507042253521
8oww	101	0.011165027883372787	17.337623987871027	0.0
8oww	102	0.01108003572593215	17.507832722841385	0.0
8oww	103	0.011624646014072303	16.178663246002255	0.0
8oww	104	0.010763856109323807	18.05177337700528	0.0
8oww	105	0.01258160022237683	15.894821010932448	0.0
8oxv	101	0.053019051616033507	11.134916398549025	0.09375
8oxv	102	0.017497097019752578	14.750518046559659	0.0
8oxv	103	0.011999061482131772	14.047669782247276	0.0
8oxv	104	0.0231897980257187	16.462495949846332	0.0
8oxv	105	0.021944068799860373	7.172990649270767	0.0
8oxw	101	0.01835408689573515	15.87063580150345	0.0
8oxw	102	0.023247136778076483	11.520929191809728	0.0
8oxw	103	0.028911658598717763	13.140737529582495	0.0
8oxw	104	0.03148355867076232	11.030601810546111	0.0
8oxw	105	0.2148177526242621	4.823644675368671	0.5
8oxx	101	0.05734882266332464	8.0172318657648	0.0625
8oxx	102	0.01676264820714145	10.03673401714436	0.0
8oxx	103	0.009299112981293758	17.293232569480264	0.0
8oxx	104	0.03763637147848826	6.157557845805589	0.03125
8oxx	105	0.0315630125630285	8.515667435637676	0.0
8oxy	101	0.01378536624532793	15.492600450646318	0.0
8oxy	102	0.3592848167369192	2.043990464708625	0.4411764705882353
8oxy	103	0.013686423672764661	9.598624344721463	0.0
8oxy	104	0.032873213370201035	10.544736423675285	0.0
8oxy	105	0.020106708223128423	11.30593818178204	0.0
8ozb	101			
8ozb	102			
8ozb	103			
8ozb	104			
8ozb	105			
8pe1	101			
8pe1	102			
8pe1	103			
8pe1	104			
8pe1	105			
8pe2	101	0.8114229599298617	1.0486968128526077	0.8505747126436781
8pe2	102	0.8139783819085299	1.0019752792781174	0.8505747126436781
8pe2	103	0.8194510722785021	0.9846710731608274	0.8620689655172413
8pe2	104	0.8329629154842836	0.934593691586234	0.8505747126436781
8pe2	105	0.8101007138822349	1.087296582963487	0.8735632183908046
8pih	101	0.9164025794657666	0.6516508415544169	0.9482758620689655
8pih	102	0.9225609144493796	0.641331186388	0.9655172413793104
8pih	103	0.9235053850767693	0.6013793734910522	0.9482758620689655
8pih	104	0.8246596771695215	0.9303732956548928	0.8275862068965517
8pih	105	0.8893425668159191	0.7606427459207442	0.9310344827586207
8pmz	101			
8pmz	102			
8pmz	103			
8pmz	104			
8pmz	105			
8pwv	101			
8pwv	102			
8pwv	103			
8pwv	104			
8pwv	105			
8pww	101	0.0075219123890037575	19.48454122029347	0.0
8pww	102	0.006531105286005427	23.422334808409946	0.0
8pww	103	0.0072381572186110505	20.85799044102509	0.0
8pww	104			
8pww	105			
8pyr	101			
8pyr	102	0.9436818835541118	0.42106968225628033	0.9193548387096774
8pyr	103	0.9376280257917732	0.4016524705864932	0.8870967741935484
8pyr	104	0.929145453042873	0.44512004703425356	0.8870967741935484
8pyr	105	0.9048062106987652	0.6217259596156226	0.9193548387096774
8q3j	101			
8q3j	102			
8q3j	103			
8q3j	104			
8q3j	105	0.07363790840108826	9.981759862449897	0.0
8q6r	101			
8q6r	102			
8q6r	103			
8q6r	104			
8q6r	105	0.8362149001278815	0.9173556541750948	0.9767441860465116
8q7o	101			
8q7o	102			
8q7o	103			
8q7o	104			
8q7o	105			
8q94	101	0.012436176619244788	15.15716846124914	0.0
8q94	102	0.017572198411789763	14.28447994786225	0.0
8q94	103	0.7353237798660165	1.6566666695929626	0.8727272727272727
8q94	104	0.014910343357000368	15.270396532149118	0.0
8q94	105	0.745512724298762	1.7242263528246136	0.9090909090909091
8q95	101	0.795984655229682	1.5334272185391702	0.9259259259259259
8q95	102	0.8578973841225702	0.9877052263118645	0.9074074074074074
8q95	103	0.7651952802785171	1.6136276907998541	0.8703703703703703
8q95	104	0.7880822844006555	1.5769497268576487	0.9259259259259259
8qf4	101	0.8593696973197772	0.8927342282043378	0.8732394366197183
8qf4	102	0.8670893542810613	0.8831155567120139	0.8873239436619719
8qf4	103	0.8517126457718333	0.9816496760745597	0.9014084507042254
8qf4	104	0.8787603213499784	0.8386345690524173	0.9014084507042254
8qf4	105	0.8602316456423651	0.8826749316615422	0.8732394366197183
8qf5	101			
8qf5	102			
8qf5	103			
8qf5	104			
8qf5	105			
8qgx	101	0.34824489515768847	2.995471014202602	0.3
8qgx	102	0.31812788181240764	3.0605186193809693	0.25
8qgx	103	0.32305715191767936	3.033491783766396	0.26666666666666666
8qgx	104	0.35393479357633795	3.031150729593372	0.3333333333333333
8qgx	105	0.3366797627099561	2.9311875352968992	0.2833333333333333
8qh0	101	0.04697721407105033	13.908593996287472	0.09523809523809523
8qh0	102	0.04511018961621438	13.866843073147868	0.09523809523809523
8qh0	103	0.04747627831142761	13.834142782179594	0.09523809523809523
8qh0	104	0.047302029748208525	13.811830704080258	0.09523809523809523
8qh0	105	0.047420453244096626	13.874615755542191	0.09523809523809523
8qrg	101	0.013394104343468521	15.261525485882792	0.0
8qrg	102	0.8340334063108742	0.8939287421686075	0.8709677419354839
8qrg	103	0.022586400605621948	14.371134314593794	0.016129032258064516
8qrg	104	0.03334588385944298	14.076663915249483	0.04838709677419355
8qrg	105	0.8339305899932423	0.9593552757946766	0.8870967741935484
8qz3	101	0.742251038884825	0.7944969288872297	0.9
8qz3	102	0.7604439203195894	0.5729817671346532	0.8333333333333334
8qz3	103	0.7619500767620714	0.5400484252105582	0.9
8qz3	104	0.7589708284302774	0.6752872165207044	0.9333333333333333
8qz3	105	0.8285963716893564	0.6269674499629513	1.0
8r4n	101	0.379127456756869	2.9322023246633035	0.34782608695652173
8r4n	102	0.43524903142318777	2.695375210892703	0.5652173913043478
8r4n	103	0.4101625886248483	2.584958240782747	0.4782608695652174
8r4n	104	0.367298642047363	2.8335454631649113	0.4782608695652174
8r4n	105	0.15501152354261497	8.044210073630932	0.21739130434782608
8r4u	101			
8r4u	102			
8r4u	103			
8r4u	104			
8r4u	105			
8rby	101	0.6793100516479645	1.4185316927630351	0.5657894736842105
8rby	102	0.5824239652572478	1.7321920965407598	0.5
8rby	103	0.5931196258765749	2.1005256475806275	0.5394736842105263
8rby	104	0.7239593642596173	1.29616605656187	0.6447368421052632
8rby	105	0.49577355378415433	2.35526196803245	0.5263157894736842
8rj7	101	0.7114911328250018	1.3984484971854578	0.7972972972972973
8rj7	102			
8rj7	103			
8rj7	104			
8rj7	105			
8rp8	101	0.03134118620736844	12.973981681253804	0.0
8rp8	102	0.03485989051302509	12.889869331105515	0.0
8rp8	103	0.712541382263525	1.8443520156395519	1.0
8rp8	104	0.031552501647290294	13.507941444209225	0.0
8rp8	105	0.03791765853423167	11.470448732239014	0.0
8rw9	101			
8rw9	102			
8rw9	103			
8rw9	104			
8rw9	105			
8rwb	101	0.039919082770043045	12.955488919905065	0.0
8rwb	102	0.03686242945294004	13.231244483876234	0.0
8rwb	103	0.7990831786943219	1.0414907699111575	0.8431372549019608
8rwb	104	0.03696083846215683	13.172820640962978	0.0
8rwb	105	0.03713540957029245	13.191356577831062	0.0
8rz0	101			
8rz0	102	0.04297934233654648	18.331283710690624	0.07042253521126761
8rz0	103			
8rz0	104			
8rz0	105	0.09920292118846845	7.562321721593696	0.08450704225352113
8rz1	101	0.0290170491664619	21.956835456160853	0.02564102564102564
8rz1	102			
8rz1	103			
8rz1	104			
8rz1	105			
8rz2	101	0.007471854881048789	14.205862175907376	0.0
8rz2	102	0.00838292436552542	12.055341166573236	0.0
8rz2	103	0.006468657649533599	14.885395073964887	0.0
8rz2	104	0.011136179258309153	15.628793536201185	0.0
8rz2	105	0.006288550522018275	16.56067109905977	0.0
8s0l	101	0.7377378858078835	2.031027741116453	0.8865979381443299
8s0l	102	0.7039908574665139	2.068939150966496	0.8969072164948454
8s0l	103	0.7396192751078066	1.9865465703323997	0.8762886597938144
8s0l	104	0.7568237789017176	2.008066976036466	0.9381443298969072
8s0l	105	0.7259505825365773	2.099486487167071	0.9175257731958762
8s0n	101	0.7795592072688277	1.39125405474652	0.8552631578947368
8s0n	102	0.8030522828040999	1.3501023712903653	0.8947368421052632
8s0n	103	0.8085220601162919	1.329313882709054	0.9078947368421053
8s0n	104	0.8054473614313785	1.3521518088440203	0.8947368421052632
8s0n	105	0.7893731146413371	1.365462974870497	0.868421052631579
8s6m	101	0.04207348124065685	14.016014923810134	0.0
8s6m	102	0.04245907401897226	13.415835060311426	0.0
8s6m	103	0.051383196314670844	11.253980191209115	0.0196078431372549
8s6m	104	0.02762316121757023	14.53516991529837	0.0
8s6m	105	0.020907111981043128	19.03489144474479	0.0
8s79	101	0.017673293928932177	13.611849328194806	0.0
8s79	102	0.01610266038687273	13.798572708552797	0.0
8s79	103	0.01684664241347353	13.757377017993875	0.0
8s79	104	0.01565550237869557	13.716844167405961	0.0
8s79	105	0.017269309584024586	13.825279187874393	0.0
8sdf	101	0.016708855967296585	16.83930243989716	0.0
8sdf	102	0.016522267514328563	16.928918490263932	0.0
8sdf	103	0.026423203793215926	16.685292895943945	0.0
8sdf	104	0.03275047698770981	9.963591626246936	0.0
8sdf	105	0.017741333268352685	16.37279674665546	0.0
8sfs	101	0.030130044593475448	9.259031671899965	0.0
8sfs	102	0.031749095164736015	8.933274543756934	0.0
8sfs	103	0.03066973045986481	9.333877632634112	0.0
8sfs	104	0.038082748459245475	9.262181531456772	0.019230769230769232
8sfs	105	0.03071019239565521	9.51026872425869	0.0
8sfx	101			
8sfx	102	0.9295081577142281	0.41831751049383104	0.8809523809523809
8sfx	103	0.914438311069846	0.6784661606882438	0.9285714285714286
8sfx	104	0.9615928775895961	0.42052893934450175	0.9761904761904762
8sfx	105	0.9187994201957275	0.49973813175200454	0.8809523809523809
8sfz	101			
8sfz	102			
8sfz	103			
8sfz	104	0.17186664623911496	9.401177597285642	0.3333333333333333
8sfz	105	0.08602566338309704	9.338986482571688	0.1111111111111111
8sgn	101	0.4023467173770263	2.5233266487675223	0.5625
8sgn	102	0.3579838542482728	2.9699381439162	0.5625
8sgn	103	0.3506146800046497	3.8757022571556687	0.5625
8sgn	104	0.3876065941713798	3.0029880608186694	0.5
8sgn	105	0.34608639580077494	3.301220162770454	0.4791666666666667
8siq	101	0.6766013838583379	0.5410713398407	0.8787878787878788
8siq	102	0.6137863115337484	1.1409220883885423	0.8787878787878788
8siq	103	0.7209137103841282	0.4744963455784954	0.9393939393939394
8siq	104	0.029221076764754716	15.58028994802272	0.0
8siq	105	0.023717507996015987	14.506974638389824	0.0
8sk5	101	0.009076932812144556	17.150994580816732	0.0
8sk5	102	0.010587139125964172	16.412849112539572	0.0
8sk5	103	0.01103931351611369	16.18348387299394	0.0
8sk5	104	0.01106276901276095	16.40387504260162	0.0
8sk5	105	0.010966246654111026	16.535084291534567	0.0
8slb	101	0.011329587565302073	15.968965103205383	0.0
8slb	102	0.019539823121185882	15.151909676599386	0.018518518518518517
8slb	103	0.019977017242032984	15.627460268263084	0.018518518518518517
8slb	104	0.019287639824813598	15.203083596730789	0.018518518518518517
8slb	105	0.020968564384037547	15.143480165013331	0.018518518518518517
8sos	101			
8sos	102			
8sos	103	0.8738979040165894	0.8968940008991536	0.9629629629629629
8sos	104			
8sos	105			
8sow	101	0.12847019539414847	19.60093689461328	0.36363636363636365
8sow	102	0.13613504464908294	19.543663403360714	0.38636363636363635
8sow	103	0.13601758055353305	19.651281284584886	0.38636363636363635
8sow	104	0.12839490910576962	19.72141029054981	0.36363636363636365
8sow	105	0.12104176773627252	19.522544204613457	0.3409090909090909
8soz	101	0.12315504156287771	17.476339387910798	0.3191489361702128
8soz	102	0.19924222201858735	16.119724272750673	0.5319148936170213
8soz	103	0.19697701213168858	16.447865674614146	0.5319148936170213
8soz	104	0.19537459375140073	16.124912796285148	0.5319148936170213
8soz	105	0.1841179710198917	17.086418234988912	0.48936170212765956
8szy	101			
8szy	102			
8szy	103	0.029997869339110306	14.040899484106717	0.0
8szy	104			
8szy	105			
8tbb	101	0.652145230433138	2.1060239852612512	0.6818181818181818
8tbb	102	0.662438625030144	1.9433557797176475	0.6590909090909091
8tbb	103	0.9062445318411471	0.47654962925485306	0.9090909090909091
8tbb	104	0.6484797585224334	2.0793469476424127	0.6590909090909091
8tbb	105	0.6242117873973086	2.1347831839607476	0.6363636363636364
8tft	101			
8tft	102			
8tft	103			
8tft	104			
8tft	105			
8trs	101	0.48123837899280425	1.8766035685916302	0.7391304347826086
8trs	102	0.5102108344739292	1.8494994915982879	0.5652173913043478
8trs	103	0.4041282668035026	2.1149801579869814	0.5652173913043478
8trs	104	0.7125976834743876	1.511427577833489	0.8260869565217391
8trs	105	0.48774302135147724	1.9810525900880191	0.5217391304347826
8ts0	101	0.054507128502830855	11.543496076486791	0.0
8ts0	102	0.04930681296140472	11.659269621860298	0.0
8ts0	103	0.05412464610477143	11.735873454503997	0.0
8ts0	104	0.9391918403580998	0.4504864436526059	0.9210526315789473
8ts0	105	0.786046387828108	0.44176449782873745	0.9473684210526315
8tuz	101	0.4793327519284611	1.8573950915362214	0.75
8tuz	102	0.4224682840335914	2.022162096972827	0.6944444444444444
8tuz	103	0.4423204769803626	1.8948052427847035	0.6944444444444444
8tuz	104	0.44114535920359516	1.9869113776479361	0.6944444444444444
8tuz	105	0.45454115116062194	1.9618754909085447	0.7222222222222222
8tv3	101	0.014194052860785589	13.94144413876438	0.0
8tv3	102	0.013624189795524093	14.624763958667407	0.0
8tv3	103	0.013475019601655576	15.43650782340906	0.0
8tv3	104	0.013868025764635618	16.002453335434456	0.0
8tv3	105	0.7569659876647195	0.7454774906102672	0.9090909090909091
8u08	101	0.7579581392004818	0.9463820782780797	0.9333333333333333
8u08	102	0.6873191648932689	1.1121722706610153	0.8666666666666667
8u08	103	0.6778472744658116	1.1424629719987593	0.9111111111111111
8u08	104	0.5205877176164277	1.7912767444337563	0.8444444444444444
8u08	105	0.6921384657251584	1.1143182647291794	0.8222222222222222
8u3s	101	0.01042932213120625	19.2860987038228	0.0
8u3s	102	0.010510388670411402	19.24963115420998	0.0
8u3s	103	0.00999127834590236	19.820125939965553	0.0
8u3s	104	0.010349006594715526	19.321489919689316	0.0
8u3s	105	0.010427216164936954	19.183900492235804	0.0
8udz	101			
8udz	102			
8udz	103			
8udz	104			
8udz	105			
8uky	101			
8uky	102			
8uky	103			
8uky	104			
8uky	105			
8up2	101			
8up2	102			
8up2	103			
8up2	104			
8up2	105			
8urf	101	0.036120186795561386	17.283041820756615	0.0
8urf	102	0.03794140197864036	17.08521147276436	0.0
8urf	103	0.0370680364599833	16.96127337129412	0.0
8urf	104	0.03814014397727167	16.64507475022518	0.0
8urf	105	0.036409360543261125	16.77744554052051	0.0
8uvy	101	0.005951592510134585	19.353595406149797	0.0
8uvy	102	0.006067904977855253	18.626811131819668	0.0
8uvy	103	0.005881000000175801	19.2733011603673	0.0
8uvy	104	0.005570032265944593	20.191865018658962	0.0
8uvy	105	0.005805605268129301	19.629176095454675	0.0
8uw2	101	0.006594009476515267	19.996154662930643	0.0
8uw2	102	0.016857551013890148	10.842012296022887	0.0
8uw2	103	0.023224606987658335	8.925484805311408	0.0
8uw2	104	0.006330604387715493	20.477997430761683	0.0
8uw2	105	0.005119953733694056	21.17871067158044	0.0
8uw7	101	0.00594656113738602	19.17164510684832	0.0
8uw7	102	0.006272662278698213	18.25238321560154	0.0
8uw7	103	0.006014426797666579	19.037929409577192	0.0
8uw7	104	0.04927926489473188	9.038173327116086	0.07272727272727272
8uw7	105	0.006187707969792359	18.33680128184848	0.0
8uw9	101	0.006302289753109449	20.446224405692035	0.0
8uw9	102	0.025744479113302115	8.581244689243318	0.0
8uw9	103	0.008239477137180993	16.87449362666181	0.0
8uw9	104	0.007971193068485328	17.309621122324934	0.0
8uw9	105	0.025939030983942	8.806465455653283	0.0
8v13	101	0.07750586184545531	6.475207548834305	0.06060606060606061
8v13	102	0.071614599867797	5.843130285810777	0.030303030303030304
8v13	103			
8v13	104	0.08730613172980778	6.208362129340269	0.09090909090909091
8v13	105			
8v52	101	0.7615530314389587	0.7593453180401659	0.625
8v52	102			
8v52	103			
8v52	104			
8v52	105	0.8849199434439902	0.5939493814964788	0.8333333333333334
8v5q	101	0.03585757055666112	15.469839154143012	0.0
8v5q	102	0.026300712032868226	17.233706801709328	0.0
8v5q	103	0.034920252309945846	16.145472785783472	0.0
8v5q	104	0.6351943364535825	1.983046307482903	0.7692307692307693
8v5q	105	0.6842811064470613	1.9590077531981038	0.8205128205128205
8vrs	101			
8vrs	102			
8vrs	103			
8vrs	104			
8vrs	105			
8vtd	101	0.0911232059181666	8.044006270856546	0.0
8vtd	102	0.051309598141927815	12.307426048316819	0.02631578947368421
8vtd	103	0.6440826312539735	0.9482817523182754	0.7105263157894737
8vtd	104	0.66169678032935	0.8925134147041942	0.6842105263157895
8vtd	105	0.7679048048240477	1.0824433118598074	0.7368421052631579
8vte	101			
8vte	102			
8vte	103			
8vte	104			
8vte	105			
8vui	102	0.13732190036038847	5.217769168415375	0.1590909090909091
8vui	103	0.07532283985275266	10.768932063022927	0.13636363636363635
8vui	104	0.08587054586470866	6.716278320184339	0.13636363636363635
8vui	105	0.06134556902061487	8.660137062996073	0.09090909090909091
8vvl	101	0.5282562440081947	2.2294110287104174	0.7142857142857143
8vvl	102	0.07568872956421624	8.662684994639894	0.16666666666666666
8vvl	103	0.059007806654991085	10.875934801019536	0.07142857142857142
8vvl	104	0.05768764509684902	11.198728547667246	0.07142857142857142
8vvl	105	0.02584760825694743	12.867498536622607	0.047619047619047616
8w0w	101	0.7655931085262716	1.2299821544263059	0.9032258064516129
8w0w	102	0.7841619589881651	1.078605353671729	0.8709677419354839
8w0w	103	0.8074599918007864	0.9358364188068221	0.8548387096774194
8w0w	104	0.5893029417438779	1.2435462841795981	0.8387096774193549
8w0w	105	0.7354912977009672	1.328135086365201	0.8870967741935484
8w90	101			
8w90	102			
8w90	103	0.6550187604265822	1.8330498970603817	0.803921568627451
8w90	104	0.011541031938812714	17.201551821682052	0.0
8w90	105	0.011822471716405844	16.88074798548163	0.0
8weo	101			
8weo	102			
8weo	103			
8weo	104			
8weo	105			
8x0t	101	0.036077220026153746	9.78801339899104	0.0
8x0t	102	0.035879351606034775	9.762996413476664	0.0
8x0t	103	0.0331892295569912	9.507894237263057	0.0
8x0t	104	0.035674835201138774	9.838252240571544	0.0
8x0t	105	0.034052440477814534	9.908969936886947	0.0
8x0y	101			
8x0y	102			
8x0y	103			
8x0y	104			
8x0y	105			
8xk6	101	0.02177940258267783	10.713521554839597	0.0
8xk6	102	0.006751433729398379	16.822205748946516	0.0
8xk6	103	0.010882310095685896	14.817708982187998	0.0
8xk6	104	0.16824945959129492	9.545795781699594	0.3953488372093023
8xk6	105	0.007205532783369034	17.03873786592442	0.0
8y9t	101	0.7911186523353031	0.747179581786655	0.8392857142857143
8y9t	102	0.7437993143587188	0.9808697860995665	0.8035714285714286
8y9t	103	0.7962187403194932	0.7923677297685141	0.8392857142857143
8y9t	104	0.6455225877375877	1.2892668144598465	0.7678571428571429
8y9t	105	0.7319524373814952	0.9872888243523154	0.8392857142857143
8ybl	101	0.49440537531184464	2.4926347363802286	0.5263157894736842
8ybl	102	0.5550573790819878	2.2128268798433677	0.6052631578947368
8ybl	103	0.6214883096142678	2.0150021874705417	0.6578947368421053
8ybl	104	0.15754539186345107	6.116661488931874	0.15789473684210525
8ybl	105	0.10382326027725619	9.70482112456978	0.10526315789473684
8ybm	101	0.00664168771410396	19.835465516954866	0.0
8ybm	102	0.03491517326170245	8.17584522374371	0.0
8ybm	103	0.0059145260719177225	22.14686509499436	0.0
8ybm	104	0.03590085818614706	8.795030188504759	0.03225806451612903
8ybm	105	0.04269906169983512	14.36388474879544	0.06451612903225806
8ybn	101	0.16352590560626779	5.142913840065302	0.21951219512195122
8ybn	102	0.07750536174814505	8.618908405878967	0.04878048780487805
8ybn	103	0.08980564869494218	8.664717706315157	0.0975609756097561
8ybn	104	0.08446575527407789	8.617532062802368	0.07317073170731707
8ybn	105	0.12998015329707732	8.740315574629163	0.21951219512195122
8ybo	101			
8ybo	102			
8ybo	103			
8ybo	104			
8ybo	105			
8ybp	101	0.792762837752896	1.2840225809880317	0.8372093023255814
8ybp	102	0.7938486838729415	1.2846330299835889	0.8372093023255814
8ybp	103	0.5725539829938502	2.771585010948198	0.6511627906976745
8ybp	104	0.8108960948962682	1.1136041281522304	0.8372093023255814
8ybp	105	0.6383644404298418	1.60375035576327	0.6976744186046512
8yj8	101	0.6743734074131185	1.9329358403129298	0.7959183673469388
8yj8	102	0.5568582505852394	2.5144939967056934	0.673469387755102
8yj8	103	0.6150271769101231	2.076198794038866	0.7551020408163265
8yj8	104	0.6140228062101153	2.11108556841631	0.7959183673469388
8yj8	105	0.6851543614464618	1.7999169528444954	0.8367346938775511
8ykt	101	0.027749731420619747	17.557184875914633	0.0
8ykt	102	0.03872440682698489	16.306160533984855	0.0
8ykt	103	0.027484772814186414	16.067266106212372	0.0
8ykt	104	0.01820405026195619	17.694885323711997	0.0
8ykt	105	0.029554406465918632	16.80881983116765	0.0
8ysh	101	0.9283628308207471	0.56112004887919	0.9322033898305084
8ysh	102	0.9343185556093854	0.494427484304259	0.9152542372881356
8ysh	103	0.9435477203416411	0.4644757156573331	0.9322033898305084
8ysh	104	0.92604964453168	0.46856893684865414	0.8813559322033898
8ysh	105	0.9121763252188341	0.573198647195301	0.8983050847457628
8yub	101	0.017746192650890693	16.6246083375847	0.0
8yub	102	0.013518975408409713	16.25866078374136	0.0
8yub	103	0.014989236415392257	16.750521188278995	0.0
8yub	104	0.012261297449557564	17.725551945457706	0.0
8yub	105	0.013608370015961926	16.51978231188933	0.0
8yvj	101	0.027111818746756052	13.052600748396948	0.018867924528301886
8yvj	102	0.019559167897846844	13.11228891472706	0.0
8yvj	103	0.026222692716096823	13.0029960327727	0.018867924528301886
8yvj	104	0.020612650503971836	12.95706609755297	0.0
8yvj	105	0.02066127365950679	13.052197854380715	0.0
8yvo	101			
8yvo	102			
8yvo	103	0.038747559863482675	14.192798575379642	0.0
8yvo	104			
8yvo	105			
8yxi	101	0.008919613662088616	15.11914810903257	0.0
8yxi	102	0.019220484007693783	12.032662008007382	0.0
8yxi	103	0.10984413445110387	11.667767195669786	0.23076923076923078
8yxi	104	0.049765221231644625	12.77635198742701	0.07692307692307693
8yxi	105	0.013182671789566143	12.44469467935951	0.0
8yyz	101	0.050550854600959094	10.5633689786654	0.06666666666666667
8yyz	102	0.07437567487492541	11.627689242655501	0.13333333333333333
8yyz	103	0.0847248470831003	11.57641840426123	0.16666666666666666
8yyz	104	0.07319304142702084	11.585891196628204	0.13333333333333333
8yyz	105	0.8784163195697311	0.6746372047310544	0.8333333333333334
8z2e	101	0.00866058900294084	17.651357409341617	0.0
8z2e	102	0.008474642579919978	17.761124818791455	0.0
8z2e	103	0.8945241187266483	0.6722869337054795	0.9615384615384616
8z2e	104	0.8924725087860194	0.7170227061713705	0.9423076923076923
8z2e	105	0.8574627244011689	0.8080812631592775	0.9423076923076923
8z2v	101	0.07476456280379977	11.430831479202247	0.13333333333333333
8z2v	102	0.08553788431333065	11.418474067754351	0.16666666666666666
8z2v	103	0.9050009908195182	0.6304241666465905	0.9
8z2v	104	0.06298496559301037	11.41805635314225	0.1
8z2v	105	0.09703493991036914	11.459323901810063	0.2
8z39	101	0.11755066625230504	11.038676622527108	0.2571428571428571
8z39	102	0.10779167506480493	11.059623476782834	0.22857142857142856
8z39	103	0.07730965729776923	11.218221322634662	0.14285714285714285
8z39	104	0.04751357022485028	11.203352537743914	0.05714285714285714
8z39	105	0.11797557717832689	11.04561356672383	0.2571428571428571
8z3a	101	0.13059244425642283	11.325315477484269	0.30303030303030304
8z3a	102	0.11971460234208352	11.250915506837416	0.2727272727272727
8z3a	103	0.121043192779548	11.302489485363116	0.2727272727272727
8z3a	104	0.10942463578777671	11.336447892414052	0.24242424242424243
8z3a	105	0.09896434672448828	11.34623273387063	0.21212121212121213
8z8v	101	0.003887657718811839	28.188331679539747	0.0
8z8v	102	0.003449499251281924	31.128809089031005	0.0
8z8v	103	0.0036470550517551156	30.521739064551245	0.0
8z8v	104	0.003596157163945525	28.065975752758483	0.0
8z8v	105	0.01219407266553362	15.696392424448973	0.0
8zca	101	0.037269132531647944	11.171662015151824	0.0
8zca	102	0.03601041021438104	11.128756028376925	0.0
8zca	103	0.04284437305471588	10.048790495480445	0.0
8zca	104			
8zca	105	0.06571507727081284	10.813140012288475	0.0
8zu9	101	0.05267470275242767	11.549778501449266	0.06896551724137931
8zu9	102	0.052028537641876704	11.44576279231631	0.06896551724137931
8zu9	103	0.056713488825418844	13.49272434243921	0.06896551724137931
8zu9	104	0.05245005050674197	11.217870683639172	0.06896551724137931
8zu9	105	0.05148907041665094	11.237645901494052	0.06896551724137931
9atm	101	0.042752213817619046	12.72843510099849	0.0
9atm	102	0.04047952688142328	14.006562196790384	0.0
9atm	103	0.06081170360507612	11.410819354202015	0.02
9atm	104	0.01689331197663969	17.56205195873867	0.0
9atm	105	0.1066401777169023	7.053054622734022	0.12
9au1	101	0.04273003381236418	15.80795486169923	0.0
9au1	102	0.11668336691023079	7.161740227450538	0.12244897959183673
9au1	103	0.03832802095535116	14.08345297864124	0.0
9au1	104	0.1195592893253155	6.550541028906966	0.14285714285714285
9au1	105	0.11353846942735317	6.537127159526447	0.14285714285714285
9azr	101	0.14821352932756113	7.155144601575019	0.29545454545454547
9azr	102	0.6720367730594807	1.416173284853816	0.8181818181818182
9azr	103	0.18375401083606488	6.769207835602021	0.2727272727272727
9azr	104	0.1694473871454234	11.861105929469495	0.38636363636363635
9azr	105	0.13304167954130605	11.720634821828646	0.2727272727272727
9bdi	101	0.019642269078289965	14.452592511689689	0.0
9bdi	102	0.019179495774016776	14.552830897816666	0.0
9bdi	103	0.02023594092367433	14.525212832324941	0.0
9bdi	104	0.02043088301217034	14.555632914080872	0.0
9bdi	105	0.020428045056316794	14.821501343568903	0.0
9bt5	101			
9bt5	102			
9bt5	103	0.07164651793470657	9.511173971608164	0.13157894736842105
9bt5	104			
9bt5	105	0.06229116253048622	10.11956013041441	0.10526315789473684
9cds	101			
9cds	102			
9cds	103	0.05831309075206009	9.39762669602042	0.13333333333333333
9cds	104			
9cds	105	0.10207296290730428	9.987602011315563	0.26666666666666666
9d41	101	0.04567299515183848	8.699701187475075	0.05714285714285714
9d41	102	0.0479694980452133	10.549962699950383	0.05714285714285714
9d41	103	0.06472182948338769	9.826186322246741	0.11428571428571428
9d41	104	0.05102403763462963	9.370775814117966	0.08571428571428572
9d41	105	0.05645227155725346	10.001947018782582	0.08571428571428572
9dbo	101	0.3271288002815224	3.527717489693596	0.38461538461538464
9dbo	102	0.8175023466204113	0.8932472246126419	0.7948717948717948
9dbo	103	0.7564956966788031	1.013247561440547	0.6923076923076923
9dbo	104	0.7254431470510468	1.1555946180474048	0.717948717948718
9dbo	105	0.7692486302993965	0.9937807531105651	0.7435897435897436
9dl0	101			
9dl0	102			
9dl0	103			
9dl0	104			
9dl0	105			
9dq3	101	0.7855245808683092	1.107135774769961	0.9714285714285714
9dq3	102	0.7696432143804008	1.0549847614851078	0.9142857142857143
9dq3	103	0.7913019552459778	0.9799017493957918	0.9428571428571428
9dq3	104	0.7870837046189422	0.929373032414522	0.9428571428571428
9dq3	105	0.7964709328455571	0.9547561009010596	0.8857142857142857
9dq4	101	0.8091654286023543	0.8743409956973537	0.90625
9dq4	102	0.812455132481322	0.8362596397250666	0.875
9dq4	103	0.8002222181417586	0.8919658018170554	0.90625
9dq4	104	0.8096693958474654	0.945217625446016	0.90625
9dq4	105	0.818976644420586	0.8844675877540429	0.90625
9dx6	101	0.6149677335595772	2.241963844138023	0.6714285714285714
9dx6	102	0.525811163266445	2.5349869699139576	0.6285714285714286
9dx6	103	0.5481247807598305	2.398834193160929	0.6285714285714286
9dx6	104	0.517570389667538	2.5236030587492704	0.7
9dx6	105	0.5663273768556331	2.307105695716156	0.6714285714285714
9e7n	101			
9e7n	102			
9e7n	103			
9e7n	104			
9e7n	105			
9e7o	101	0.008023279245136081	20.860742268302268	0.0
9e7o	102	0.007796940165240626	21.251597835241018	0.0
9e7o	103	0.007646111792339543	21.77882073554483	0.0
9e7o	104	0.007422565389085062	21.998017304948203	0.0
9e7o	105	0.007489516149340315	21.74074738973787	0.0
9eht	101	0.7039818519151598	1.3304941812213842	0.7352941176470589
9eht	102	0.7366418826517327	1.2595335872369604	0.7647058823529411
9eht	103			
9eht	104	0.7349382607434668	1.3190947904522816	0.7647058823529411
9eht	105			
9en2	101	0.009896343772217285	18.529512561621168	0.0
9en2	102	0.012007664134607549	15.300468501096903	0.0
9en2	103	0.0500634613694699	12.571718846265881	0.0
9en2	104	0.029385562521130837	13.162629234247497	0.0
9en2	105	0.08036239315245655	13.345434316813684	0.0
9ena	101	0.007106297007514564	21.17728239353978	0.0
9ena	102	0.007395603486343776	20.85709874486053	0.0
9ena	103	0.006932301649423639	20.222161461679946	0.0
9ena	104	0.006976793936886323	21.882151463958152	0.0
9ena	105	0.0066350631796337775	21.13885468935237	0.0
9erw	101	0.011176286417988233	12.508632818610067	0.0
9erw	102	0.011755005265011496	12.023019112039798	0.0
9erw	103	0.009428326029754491	14.327978010584156	0.0
9erw	104	0.011389141609631712	12.380547813179017	0.0
9erw	105	0.011762977768284404	12.021386928348416	0.0
9etl	101	0.08405064167057054	13.881686522289897	0.15384615384615385
9etl	102	0.08070420900514032	13.956842732715563	0.13846153846153847
9etl	103	0.1083495642693253	13.971919354054329	0.2153846153846154
9etl	104	0.09037281954998909	13.734001405138788	0.16923076923076924
9etl	105	0.0740671936324362	13.82225459491282	0.12307692307692308
9eze	101	0.6302132772586163	2.2526787794754677	0.75
9eze	102	0.6400390382053004	2.1800944523436567	0.7727272727272727
9eze	103	0.6365215024189028	2.1626672307259818	0.75
9eze	104	0.6444711787544487	2.0107329969060634	0.75
9eze	105	0.6162739749205725	2.498538543776407	0.7727272727272727
9ezh	101	0.4422762716000422	2.2393158127352284	0.5490196078431373
9ezh	102	0.47874546194211637	1.881206541193441	0.49019607843137253
9ezh	103	0.4399064120703598	2.1220198212081827	0.5098039215686274
9ezh	104	0.4186417818519665	2.210740854111849	0.49019607843137253
9ezh	105	0.4602446118581717	2.0299384060934416	0.5098039215686274
9ezi	101	0.4759068861909774	2.022535388436222	0.5625
9ezi	102	0.49781552141691726	2.0028750652522946	0.5833333333333334
9ezi	103	0.5016064340773103	1.9609183002102242	0.5833333333333334
9ezi	104	0.5091470387326466	1.9360303400919796	0.5833333333333334
9ezi	105	0.5274864367977115	1.8378089534480253	0.5833333333333334
9ezu	101	0.4530560984500443	2.052856665029112	0.4807692307692308
9ezu	102	0.43739009306083637	2.2053018393211636	0.5
9ezu	103	0.4644854185147406	2.0874167910011496	0.5192307692307693
9ezu	104	0.42658537203087765	2.2249754769052092	0.46153846153846156
9ezu	105	0.4561158366747264	2.050565812369221	0.4807692307692308
9ezv	101	0.48818352268022897	1.8887894355736574	0.5686274509803921
9ezv	102	0.4231369573379182	2.0982046990914758	0.5098039215686274
9ezv	103	0.4765186115384723	1.9343587120288377	0.5490196078431373
9ezv	104	0.4319316306739194	2.043728978023948	0.5098039215686274
9ezv	105	0.7435243173728884	1.1640750649461156	0.803921568627451
9ezw	101			
9ezw	102			
9ezw	103			
9ezw	104			
9ezw	105			
9f91	101	0.3000367240090575	4.216905883115104	0.32
9f91	102	0.3153575583190017	3.3769230308978884	0.28
9f91	103	0.2957157894449585	3.813014949354094	0.32
9f91	104	0.44307632925285007	2.8723022201284074	0.44
9f91	105	0.28297840296177285	4.32874575959234	0.4
9fc2	101	0.04421511581845151	9.967230968455086	0.0
9fc2	102	0.030842775706067378	16.435974835946613	0.012987012987012988
9fc2	103	0.029893131959723523	11.747735295687688	0.0
9fc2	104	0.02095222148471093	13.529291220168885	0.0
9fc2	105	0.01993180740959544	13.719466308389588	0.0
9fik	101	0.042434866743112316	6.054519019145985	0.0
9fik	102	0.046539296548611137	5.27560439881478	0.0
9fik	103	0.034519724776511176	5.788813112363089	0.0
9fik	104	0.03230491567656392	6.411804038148317	0.0
9fik	105	0.03593137949980099	5.951935751511349	0.0
9fvb	101			
9fvb	102			
9fvb	103			
9fvb	104	0.009319778300536633	14.185122729595722	0.0
9fvb	105			
9fww	101	0.020651279775167026	14.905157787660745	0.0
9fww	102	0.06260263829719624	10.702335108831544	0.09803921568627451
9fww	103	0.047302664723568366	12.681647129132887	0.0
9fww	104	0.021045142518465645	14.748548005403709	0.0
9fww	105	0.021115761569672976	14.685322142322526	0.0
9fys	101	0.4157253186548205	4.004490602320441	0.6818181818181818
9fys	102	0.4147934837997586	4.102621523923373	0.7121212121212122
9fys	103			
9fys	104			
9fys	105			
9fyt	101	0.3416158124391571	5.449112710602857	0.49230769230769234
9fyt	102	0.3772555292088228	4.477082998094139	0.5230769230769231
9fyt	103			
9fyt	104	0.3442273277622854	4.81271055208141	0.47692307692307695
9fyt	105			
9fzc	101	0.16866119420771153	5.969080148394497	0.1951219512195122
9fzc	102	0.055849030504827944	11.255604583310733	0.07317073170731707
9fzc	103	0.1689338091400823	5.94136372328343	0.21951219512195122
9fzc	104	0.17167252974165237	5.945769248296361	0.21951219512195122
9fzc	105			
9fzd	101	0.6291909691714032	2.2109026209327225	0.8775510204081632
9fzd	102	0.6815851141637909	1.441478708975556	0.7959183673469388
9fzd	103	0.9343752645282946	0.5552116334816342	0.9591836734693877
9fzd	104	0.6628103774368218	1.6277598834398155	0.7959183673469388
9fzd	105	0.631049565291327	1.73424543553018	0.8367346938775511
9g2a	101			
9g2a	102			
9g2a	103			
9g2a	104			
9g2a	105			
9g2g	101			
9g2g	102			
9g2g	103			
9g2g	104			
9g2g	105			
9g48	101			
9g48	102			
9g48	103			
9g48	104	0.041182187461317514	9.504100868123318	0.034482758620689655
9g48	105			
9g5l	101	0.03133343752241214	12.593049096272535	0.0
9g5l	102	0.07731059102957995	7.969247952471059	0.0
9g5l	103	0.1085890187767427	8.444321053111606	0.125
9g5l	104	0.04675405142093012	10.938393477161682	0.0
9g5l	105	0.09368390473710796	8.873247253231519	0.041666666666666664
9g7k	101			
9g7k	102			
9g7k	103			
9g7k	104			
9g7k	105			
9g97	101	0.5778910093802331	1.723244965659242	0.5357142857142857
9g97	102	0.862268745985939	0.6405234739398237	0.8392857142857143
9g97	103	0.8388594321693965	0.48566038925900884	0.875
9g97	104	0.8779436791089589	0.4960203440690539	0.8571428571428571
9g97	105	0.8627624250851991	0.4927986802575236	0.8928571428571429
9ggp	101	0.07434265785637098	9.263459811407227	0.0
9ggp	102	0.06687345620169588	9.310028414769034	0.0
9ggp	103	0.004552574882793133	21.763276177675902	0.0
9ggp	104	0.0045204731847050495	21.82439255604474	0.0
9ggp	105	0.07376346688277641	9.105146277951702	0.0
9ghi	101	0.046288026350784085	11.061399477241888	0.0
9ghi	102	0.03757365640055662	10.655043220001222	0.0
9ghi	103	0.042687897639463394	10.259618553652919	0.0
9ghi	104	0.05636917025401405	10.04923420632672	0.043478260869565216
9ghi	105	0.05444190537803137	11.059487142692241	0.0
9ghj	101	0.029475752360103875	13.261573612716433	0.0
9ghj	102	0.029570567993048816	13.356726172212378	0.0
9ghj	103	0.029369400271614846	13.526714501619873	0.0
9ghj	104	0.03694098955156999	13.57746305020225	0.0
9ghj	105	0.03406787479156497	13.647802984072833	0.0
9glz	101	0.0310588886194534	10.209610244407697	0.020833333333333332
9glz	102			
9glz	103			
9glz	104			
9glz	105			
9gox	101	0.0049109991625915905	17.788799361350208	0.0
9gox	102	0.004994312639877632	17.618417425443855	0.0
9gox	103	0.00497112010321277	17.635879602138207	0.0
9gox	104	0.0049341875836868615	17.69249016279981	0.0
9gox	105	0.004970104105251533	17.70020575761792	0.0
9gv3	101			
9gv3	102	0.09132651233383415	12.509935346319255	0.10416666666666667
9gv3	103	0.0809985278752327	13.070016682401969	0.08333333333333333
9gv3	104			
9gv3	105	0.08687890259176288	13.15844840371765	0.10416666666666667
9gvl	101	0.20183504741549355	21.36382129218233	0.578125
9gvl	102			
9gvl	103	0.20152044245681067	21.812089597380776	0.578125
9gvl	104	0.20733111149034644	21.95624183517192	0.59375
9gvl	105	0.197268363618306	21.109866115282067	0.5625
9gvn	101			
9gvn	102			
9gvn	103			
9gvn	104			
9gvn	105			
9gvo	101	0.013573504082343688	22.65165803778601	0.0
9gvo	102	0.013420979122145514	22.252526749404314	0.0
9gvo	103	0.012597333490752498	22.199327433377757	0.0
9gvo	104	0.024958687781302197	19.9617256282321	0.03636363636363636
9gvo	105	0.013711921009184275	22.09513886755873	0.0
9h1f	101	0.7527050698865606	1.319019510652675	0.7857142857142857
9h1f	102	0.9335385696071316	0.5977217453013576	0.9523809523809523
9h1f	103	0.9252340806233779	0.553049928741518	0.9047619047619048
9h1f	104	0.9164524618417421	0.6208295354229529	0.9285714285714286
9h1f	105	0.929744224425403	0.6355660281369371	0.9523809523809523
9h39	101	0.008075137016066615	19.031835917670183	0.0
9h39	102			
9h39	103	0.008519837056790307	17.58415119862353	0.0
9h39	104			
9h39	105	0.03347227116736113	12.37396875313865	0.05660377358490566
9h4r	101			
9h4r	102			
9h4r	103			
9h4r	104			
9h4r	105			
9h4s	101	0.12476679014336702	11.665112508265125	0.3
8q95	105	0.7778591605394575	1.6305916798365558	0.9074074074074074
8vui	101	0.20421264819127197	4.3423743783404385	0.22727272727272727
9h4s	102	0.05688294214647619	10.961004898745834	0.1
9h4s	103	0.026117925044207776	12.008188201132624	0.0
9h4s	104			
9h4s	105	0.12560924266671675	10.821170877760132	0.3
9h6v	101	0.28190648068154395	5.41580278146102	0.3870967741935484
9h6v	102	0.27286480101399996	5.451373179912508	0.3709677419354839
9h6v	103	0.2639681906488954	5.622514756173447	0.3548387096774194
9h6v	104	0.28327471860102366	5.270162634451139	0.3709677419354839
9h6v	105	0.2671657069810208	5.728383453617043	0.3870967741935484
9h77	101	0.34241070523233047	3.8821735866393468	0.28846153846153844
9h77	102	0.17609722185066493	4.55709666757612	0.11538461538461539
9h77	103	0.14179115488277727	4.914597461574838	0.09615384615384616
9h77	104	0.14586088982905826	5.316106312718454	0.09615384615384616
9h77	105	0.13744672028616348	5.274614395548035	0.07692307692307693
9hi4	101	0.06294867679208656	9.051857768242407	0.05714285714285714
9hi4	102	0.7227145849946105	0.729649668147265	0.9142857142857143
9hi4	103	0.06411900400898994	9.093526529740558	0.08571428571428572
9hi4	104			
9hi4	105	0.07262455141887957	8.05334314196406	0.08571428571428572
9hi6	101	0.03931830744661454	13.211144117166711	0.0
9hi6	102	0.03590915451829863	13.308880444744078	0.0
9hi6	103	0.038887041801459826	12.645681833850192	0.0
9hi6	104	0.047129060585543586	12.768047715563464	0.02631578947368421
9hi6	105	0.04019976282170116	12.969934534518606	0.0
9hj9	101	0.043727037685907015	13.051461975337007	0.0
9hj9	102	0.039916629495266795	11.317053346311335	0.034482758620689655
9hj9	103	0.03264476813835957	13.764036411786462	0.0
9hj9	104	0.04657127942123097	12.798699029260407	0.0
9hj9	105	0.035140221977309614	13.477927443272515	0.0
9hk1	101	0.07320791433977741	11.12167157330942	0.0
9hk1	102	0.07150423682835777	11.541332099122815	0.0
9hk1	103	0.0752390038386103	11.078393342804922	0.0
9hk1	104	0.07053915827056635	11.354429652130653	0.0
9hk1	105	0.0434682055240622	13.26447210139463	0.0
9hll	101			
9hll	102	0.019877669832058808	9.455637005540957	0.0
9hll	103	0.16810442251408175	3.5203006619832276	0.23529411764705882
9hll	104			
9hll	105			
9hml	101	0.01919482602292537	12.343406224090236	0.0
9hml	102	0.01805173072088238	12.739048054813193	0.0
9hml	103	0.019774588350962675	12.45447080411156	0.0
9hml	104	0.01682261207307165	16.189125557976176	0.0
9hml	105	0.01933430474931522	12.70081487834655	0.0
9ho4	101	0.6375496754522109	2.5173505732247987	0.7833333333333333
9ho4	102	0.05724120519596119	9.660144908106636	0.016666666666666666
9ho4	103	0.056719139867898026	9.521017090122902	0.016666666666666666
9ho4	104	0.8006260516913999	1.4212519065995572	0.8833333333333333
9ho4	105	0.04169218450906967	13.199093891423265	0.0
9ho5	101	0.6054910896414863	2.418233008311802	0.7931034482758621
9ho5	102	0.9043191681427823	0.5551464847223103	0.9655172413793104
9ho5	103	0.8702499797424762	0.6609610638930472	0.9310344827586207
9ho5	104	0.8769634657695778	0.5911049752301284	0.9310344827586207
9ho5	105	0.9040470565423014	0.4759840877613417	0.9310344827586207
9ho6	101			
9ho6	102			
9ho6	103			
9ho6	104			
9ho6	105			
9hub	101	0.4534688615807423	3.594503345073827	0.7384615384615385
9hub	102	0.40337798264199815	4.26201101395436	0.6923076923076923
9huo	102	0.34592898461247296	5.190862824785652	0.5
9huo	103	0.46482085117609534	3.3514109849712823	0.5625
9huo	105	0.28569737833397163	5.297993796576905	0.484375
9hur	101	0.5765811779247473	2.3439233189031556	0.6724137931034483
9hur	102	0.5536953352236822	2.4292870236621313	0.6379310344827587
9hur	103	0.5928887232948058	2.2567920047388697	0.6896551724137931
9hur	104	0.6177718873812319	2.193031666033847	0.7068965517241379
9hur	105	0.5567739833989657	2.379494136478898	0.6551724137931034
9hxo	101	0.2933936693754352	5.727808287027133	0.47692307692307695
9hxo	102			
9hxo	103	0.29843047906067915	5.441339991393949	0.49230769230769234
9hxo	104	0.2970294547561175	5.681708049427063	0.5076923076923077
9hxo	105			
9hzj	101	0.5462220914717665	2.2789185445250233	0.75
9hzj	102	0.5188007103772144	2.408123731903115	0.75
9hzj	103	0.8425772336421121	0.9308276937397442	0.875
9hzj	104	0.8259233707849223	1.0461812442105942	0.875
9hzj	105	0.5860305907559672	2.248919972517907	0.775
9hzk	101	0.3686618690135593	2.707127709623073	0.46511627906976744
9hzk	102	0.3574002109939174	2.8180002714844	0.46511627906976744
9hzk	103	0.39302966042014736	2.678679761195138	0.5116279069767442
9hzk	104	0.36163173731687365	2.7886284072140635	0.46511627906976744
9hzk	105	0.37816050834164566	2.7845882176662013	0.5116279069767442
9i59	101			
9i59	102			
9i59	103			
9i59	104			
9i59	105			
9iqp	101	0.04916568008257436	9.978898170662355	0.031746031746031744
9iqp	102	0.06549604012478401	9.703988241219944	0.06349206349206349
9iqp	103	0.06771256578703394	8.791878342653995	0.047619047619047616
9iqp	104	0.06717728006769343	9.429320768763176	0.06349206349206349
9iqp	105	0.06492862933412684	8.717027881756872	0.031746031746031744
9jbq	101	0.07571400025847545	8.51675956601014	0.05555555555555555
9jbq	102	0.0934250260492639	8.388709019225363	0.05555555555555555
9jbq	103	0.032068448802721396	12.64376400793499	0.0
9jbq	104	0.03515750990976901	12.855600508399618	0.0
9jbq	105	0.0798812039529423	8.17818124147882	0.05555555555555555
9jcy	101	0.021712985854582284	8.761702644379772	0.017857142857142856
9jcy	102	0.5352654069945165	2.179036275679007	0.5357142857142857
9jcy	103	0.18534725506870628	4.1542318240754454	0.30357142857142855
9jcy	104	0.5916594876108653	1.7243457497831804	0.5892857142857143
9jcy	105	0.024252574341233957	8.524525561312938	0.017857142857142856
9jd0	101	0.1367760699993542	9.85751601996547	0.28169014084507044
9jd0	102	0.22334680495070827	4.958233658672955	0.38028169014084506
9jd0	103	0.1945945811241833	5.491580433378315	0.352112676056338
9jd0	104	0.20334001694653336	5.8873349104743715	0.4084507042253521
9jd0	105	0.13126811007331285	9.500459447982752	0.2676056338028169
9jd1	101	0.22678704361550717	6.226852256886402	0.5789473684210527
9jd1	102	0.29632318065929764	4.2707665613428665	0.6578947368421053
9jd1	103	0.21571046646965494	6.3152516373629535	0.5526315789473685
9jd1	104	0.3041804774132956	3.9962994372965857	0.6578947368421053
9jd1	105	0.1880189641035059	10.737247757782558	0.5263157894736842
9jeb	101	0.008821828106967468	25.48521275830236	0.0
9jeb	102	0.007920227012855186	25.557447640224414	0.0
9jeb	103	0.012039841051500744	24.712801677101908	0.0
9jeb	104	0.01284621565421929	23.56286161028887	0.0
9jeb	105			
9jno	101	0.1514704445739393	7.525399862623823	0.2
9jno	102	0.06220566621507665	11.388400661225223	0.10909090909090909
9jno	103	0.01667350175651053	12.903147276493424	0.01818181818181818
9jno	104	0.03964309034729117	8.566915763018699	0.05454545454545454
9jno	105	0.004726155775144045	17.565879747866013	0.0
9jqv	101	0.01530544336786771	14.041710858223611	0.024390243902439025
9jqv	102	0.029950958472016963	13.283665655518918	0.04878048780487805
9jqv	103	0.024954256158759323	13.037799103295743	0.04878048780487805
9jqv	104	0.008959136620562762	16.590850404324424	0.0
9jqv	105			
9k6j	101	0.03777258716506626	12.799467005963988	0.058823529411764705
9k6j	102	0.04153114230242847	12.919550980860093	0.07352941176470588
9k6j	103	0.04420114983482063	12.700678275691988	0.07352941176470588
9k6j	104	0.041998452703795576	12.833262828627372	0.07352941176470588
9k6j	105	0.046725973945138916	12.83155985866169	0.08823529411764706
9kur	101			
9kur	102	0.019342429864544524	11.479256080825092	0.0
9kur	103			
9kur	104	0.022030780566502258	9.63588215021466	0.0
9kur	105	0.021810116799788767	12.388185499360272	0.0
9l9y	101			
9l9y	102			
9l9y	103	0.11144169311827101	10.056992569333067	0.1935483870967742
9l9y	104			
9l9y	105			
9lad	101	0.9199282519912249	0.5832877450939277	0.9361702127659575
9lad	102	0.9041377638187731	0.6995461436187335	0.9574468085106383
9lad	103	0.9084236430766569	0.7042789533179435	0.9574468085106383
9lad	104	0.9193623547734582	0.6110105028872247	0.9787234042553191
9lad	105	0.923694046840978	0.6659609426027621	0.9787234042553191
9lh2	101			
9lh2	102			
9lh2	103			
9lh2	104			
9lh2	105			
9lme	101	0.009634884474762755	15.92307137576458	0.0
9lme	102	0.009858234370389365	15.63757097398745	0.0
9lme	103	0.009635963256557011	16.00965181232058	0.0
9lme	104	0.009605917191413923	16.054804196185867	0.0
9lme	105	0.009695710473243397	15.999381299198793	0.0
9lrf	101	0.41181814549627643	1.7740236358316133	0.6888888888888889
9lrf	102	0.2539910202605078	4.580918884845911	0.35555555555555557
9lrf	103	0.4237091282440357	1.618886520356107	0.6666666666666666
9lrf	104	0.012710959160241009	11.207016548286338	0.0
9lrf	105	0.13578234217397178	7.3656307978940365	0.17777777777777778
9m5b	101	0.8785845388282012	0.8464462074797875	0.9722222222222222
9m5b	102	0.8816591366530927	0.8353592202392613	0.9722222222222222
9m5b	103	0.8807787138776936	0.7693042562251448	0.9444444444444444
9m5b	104	0.7969416584848706	1.0268971638697688	0.8333333333333334
9m5b	105	0.8497963956392841	0.8691442098803435	0.9166666666666666
9m6j	101	0.018083281776656038	13.518484728624626	0.0
9m6j	102	0.01778430156271105	13.637350880712672	0.0
9m6j	103	0.027424300612295244	14.413255769903216	0.021739130434782608
9m6j	104	0.026848512702698685	14.578500694096206	0.021739130434782608
9m6j	105	0.0265932076728512	14.791296232245678	0.021739130434782608
9m6o	101			
9m6o	102			
9m6o	103			
9m6o	104			
9m6o	105			
9mer	101	0.05870253379042706	9.701913518777209	0.06896551724137931
9mer	102	0.030783971062375255	12.980046510408313	0.0
9mer	103	0.03439870954679799	13.083220394161513	0.0
9mer	104	0.037273283448542416	11.828561395044593	0.034482758620689655
9mer	105	0.03269686167999545	13.10556214372194	0.0
9mev	101	0.03462321560273689	13.731889743667995	0.0
9mev	102	0.032156666185743525	13.819050145833682	0.0
9mev	103	0.038032002489671486	13.204032845507493	0.0
9mev	104	0.033082400516900104	13.81630039170891	0.0
9mev	105	0.03124550490128054	13.89190569764712	0.0
9mic	101	0.7661047918201742	0.8315586903210169	0.8356164383561644
9mic	102	0.7446664510949961	0.9040125527232707	0.821917808219178
9mic	103	0.7204400602385251	0.8173707389257092	0.8082191780821918
9mic	104	0.761505979762014	0.8237817628754602	0.821917808219178
9mic	105	0.7420342947675014	1.1316459999906192	0.7671232876712328
9mid	101	0.03758490035858064	13.471934335267827	0.013157894736842105
9mid	102	0.677649535871093	1.703133198164612	0.7236842105263158
9mid	103	0.044617284692591776	14.865750813673944	0.039473684210526314
9mid	104	0.20287189670589023	5.129500259410657	0.21052631578947367
9mid	105	0.7448770897852769	1.20582217634515	0.6710526315789473
9mif	101	0.8327578854409766	0.9744061988020913	0.8148148148148148
9mif	102	0.8193659783771935	1.0773407526296404	0.8271604938271605
9mif	103	0.8252293669095389	0.9133191414882588	0.7777777777777778
9mif	104	0.8417567016660056	0.9032308943701979	0.8271604938271605
9mif	105	0.855262341602493	0.9420119688748289	0.8641975308641975
9mj3	101	0.6266019850182482	1.8640909069153413	0.7333333333333333
9mj3	102	0.6947048084727419	2.0716026871889883	0.8333333333333334
9mj3	103	0.6779787448212292	1.8655973341962013	0.7333333333333333
9mj3	104	0.6631418717474666	1.8762782300639544	0.7166666666666667
9mj3	105	0.648088900525067	2.052660181912151	0.8
9ml8	101			
9ml8	102			
9ml8	103			
9ml8	104			
9ml8	105			
9mqv	101	0.28927217300326397	2.583438580233046	0.4909090909090909
9mqv	102	0.3381524446799811	3.0033781154588355	0.509090909090909
9mqv	103	0.26714847792735313	3.440786849163459	0.16363636363636364
9mqv	104	0.049511392317483194	9.897744923330148	0.03636363636363636
9mqv	105	0.006141299417012213	17.46407499023132	0.0
9mxi	101	0.8092777676543389	0.9418750554865041	0.8269230769230769
9mxi	102	0.04396293107914639	14.364268582634567	0.0
9mxi	103	0.5949969992327232	1.6226568612330337	0.6923076923076923
9mxi	104	0.7364506104639558	1.0269256181831097	0.7307692307692307
9mxi	105	0.7689985793769117	0.9924310148079977	0.75
9n8i	101	0.19090852714570986	4.564447567323852	0.10714285714285714
9n8i	102	0.037867811385562035	12.413041645997707	0.03571428571428571
9n8i	103	0.03984371345746046	11.737044183982517	0.03571428571428571
9n8i	104	0.05605609475539159	11.419899795012432	0.0
9n8i	105	0.034278547968263635	12.09011005360987	0.0
9n8n	101	0.0038106265329165743	25.170666159159026	0.0
9n8n	102	0.0036824860032659873	25.099794181800576	0.0
9n8n	103	0.002730814012699397	25.871317421116512	0.0
9n8n	104	0.0059946171528169985	15.665587285512153	0.0
9n8n	105	0.002794262242509798	25.550038476406122	0.0
9ncd	101	0.05263578109867833	10.467234868023649	0.0
9ncd	102	0.050186460475493716	10.422768290254046	0.0
9ncd	103	0.05019994401438601	10.392290952023949	0.0
9ncd	104	0.05119541180685214	10.530098623020047	0.0
9ncd	105	0.0580245605913965	9.464925550589577	0.0
9njy	101	0.7145992451802368	0.9815680614755236	0.8974358974358975
9njy	102	0.729820028145813	0.9380528547225523	0.9487179487179487
9njy	103	0.8539949879031061	0.7117145321823835	0.9487179487179487
9njy	104	0.8133662548882962	0.8375904538595126	1.0
9njy	105	0.75661059410203	0.9296491676238212	0.9230769230769231
9npi	101	0.21178147411522552	4.074966687135465	0.16666666666666666
9npi	102	0.2169520231414006	4.2657517976333255	0.2857142857142857
9npi	103	0.26140167900175676	3.624447001588707	0.35714285714285715
9npi	104	0.20337112045749098	4.136447323657955	0.21428571428571427
9npi	105	0.2605756494172389	3.976076051157849	0.35714285714285715
9oar	101	0.03132583791883825	15.187972569458738	0.0
9oar	102	0.047501992684706305	10.81578363740597	0.046153846153846156
9oar	103	0.0261845848048798	13.318253882968348	0.015384615384615385
9oar	104	0.034133315142210206	14.912962522276967	0.0
9oar	105	0.03246749968402372	16.071554529287578	0.0
9obn	101	0.6750036197749095	1.8664341286782504	0.7692307692307693
9obn	102	0.7222044039119505	1.6522468224145723	0.7884615384615384
9obn	103			
9obn	104			
9obn	105	0.7155761435018154	1.6080215370697322	0.7884615384615384
9pi9	101			
9pi9	102			
9pi9	103			
9pi9	104			
9pi9	105			
9pru	101			
9pru	102			
9pru	103			
9pru	104			
9pru	105			
9pzi	101	0.05341437736773961	13.121618332956542	0.0
9pzi	102	0.7175767603243745	1.366042028515021	0.6981132075471698
9pzi	103	0.04971599567002971	12.087500757416601	0.018867924528301886
9pzi	104	0.6973253703664234	1.177805987406129	0.7169811320754716
9pzi	105	0.6920390349479767	1.2411501601711106	0.660377358490566
9q8l	101	0.03539521431518506	12.745019684931894	0.0
9q8l	102	0.03740402014075676	15.897313630062582	0.0
9q8l	103	0.031698713860733425	13.325473033262353	0.0
9q8l	104	0.05702372691436605	10.30020601860639	0.0
9q8l	105	0.023297666384256583	13.215481948094228	0.0
9qrv	101	0.05540215575581042	11.872648038884329	0.07407407407407407
9qrv	102	0.01611406425980331	12.304508223936832	0.0
9qrv	103	0.019055108911811676	12.378874872721898	0.0
9qrv	104	0.07356302874777157	12.537705637227075	0.14814814814814814
9qrv	105	0.050220759638579464	12.074233434006894	0.07407407407407407
9rit	101	0.791782812699171	1.3331278294901232	0.8571428571428571
9rit	102	0.8082983439450256	1.2560134057586951	0.8809523809523809
9rit	103	0.8753660982969849	0.9410251336668367	0.9523809523809523
9rit	104	0.8107352129244165	1.2110005516126592	0.8571428571428571
9rit	105	0.8897395210083916	0.8787161659683789	0.9523809523809523
9riu	101	0.11085694538039957	9.203254518213765	0.12962962962962962
9riu	102	0.09851635964984255	9.182443187756158	0.09259259259259259
9riu	103	0.09431206286368228	9.06279934216577	0.07407407407407407
9riu	104	0.11097090807270456	8.983326825045843	0.12962962962962962
9riu	105	0.1046330621551907	9.02131462566586	0.1111111111111111
9rm2	101			
9rm2	102			
9rm2	103			
9rm2	104			
9rm2	105	0.059121436196060397	10.622258554699402	0.11538461538461539
9rn6	101	0.46317499667999334	2.7165937470198425	0.6862745098039216
9rn6	102	0.5773107428073033	2.1718843152119898	0.7843137254901961
9rn6	103	0.5707539053826532	2.3655925379201546	0.7647058823529411
9rn6	104	0.4406026496839424	2.8802186030726507	0.6862745098039216
9rn6	105	0.6623052793229246	1.833707639127107	0.8235294117647058
9th6	101	0.01613280299805629	12.510133465757058	0.0
9th6	102	0.004358295027662325	26.971160745561	0.0
9th6	103	0.005251741029695277	29.687687088226284	0.0
9th6	104	0.004371153623546164	26.860684095861302	0.0
9th6	105	0.00562687538162342	29.020946015200597	0.0
9u8g	101	0.743513853623197	1.4646728787365555	0.8028169014084507
9u8g	102	0.7518450404525616	1.3312177344603167	0.7746478873239436
9u8g	103	0.7390654435040306	1.4454491113249974	0.7746478873239436
9u8g	104	0.7404319109314162	1.4539368134587807	0.7746478873239436
9u8g	105	0.7363873591248958	1.4806363977732668	0.7887323943661971
9uk5	101	0.035019376948115535	14.405491560685666	0.0
9uk5	102	0.08251927737432076	10.764506468001628	0.05172413793103448
9uk5	103	0.05244089940270402	12.383391425032515	0.0
9uk5	104	0.041731689010546746	12.60634668482752	0.0
9uk5	105	0.06538679875370751	10.165683820857605	0.0
9uvi	101	0.7103601330804997	1.105835298612608	0.5217391304347826
9uvi	102	0.7435663081295861	1.098395064611902	0.6086956521739131
9uvi	103	0.7021526704455009	1.0565223380249296	0.4782608695652174
9uvi	104	0.7086290500345659	1.158107138106087	0.5652173913043478
9uvi	105	0.7487133523618477	1.039107316743477	0.6086956521739131
9uzb	101	0.05169804276838563	8.773497088884977	0.047619047619047616
9uzb	102	0.1227253757767225	3.972416497986091	0.19047619047619047
9uzb	103	0.3668237165990032	3.293323098751605	0.5714285714285714
9uzb	104	0.3723890212281158	2.882923586236852	0.47619047619047616
9uzb	105	0.32167657002552524	3.3143500209922774	0.47619047619047616
9uzc	101	0.2547936710660683	3.108530559806508	0.42857142857142855
9uzc	102	0.035744415615890916	7.313145950391421	0.047619047619047616
9uzc	103	0.27747396508503835	3.6974505171574985	0.5714285714285714
9uzc	104	0.17806800770084028	5.502852903784225	0.3333333333333333
9uzc	105	0.07175205985975337	8.566855737429114	0.09523809523809523
9uzd	101	0.06487426946979741	9.755534310278197	0.13636363636363635
9uzd	102	0.2541225520833978	3.783908812109173	0.4090909090909091
9uzd	103	0.04771308553502553	7.685080534814721	0.09090909090909091
9uzd	104	0.24460224910602288	3.1113704943769536	0.36363636363636365
9uzd	105	0.1555672193750092	4.412388609788175	0.3181818181818182
9uze	101	0.1008942560211226	7.119509475481983	0.23809523809523808
9uze	102	0.07966122254065468	6.239541700128969	0.14285714285714285
9uze	103	0.3405228410235029	3.4881887582756614	0.3333333333333333
9uze	104	0.0067083660419000185	14.147219863384827	0.0
9uze	105	0.28350354140917805	3.485528506657158	0.47619047619047616
9uzf	101	0.05139930043921139	8.599039565283585	0.043478260869565216
9uzf	102	0.05012857259607075	8.736595750705186	0.043478260869565216
9uzf	103	0.15212769003955243	5.458260028531299	0.34782608695652173
9uzf	104	0.3358730791231593	3.2013533476086757	0.4782608695652174
9uzf	105	0.143119398979864	5.070761517330893	0.30434782608695654
9uzg	101	0.06277992869859146	11.264919595193215	0.14285714285714285
9uzg	102	0.23660369301618558	3.6700975121474952	0.47619047619047616
9uzg	103	0.3331963896223706	3.5075868304654976	0.42857142857142855
9uzg	104	0.33376978680024266	3.403176495203904	0.38095238095238093
9uzg	105	0.17271117414865175	3.611591319475493	0.2857142857142857
9uzh	101	0.04595386999368439	7.735777657451324	0.08695652173913043
9uzh	102	0.13459662092884642	3.9401071787551825	0.21739130434782608
9uzh	103	0.030694455643813557	11.755553018791877	0.043478260869565216
9uzh	104	0.2601704028688987	4.639243963816259	0.21739130434782608
9uzh	105	0.046117199711432855	7.886743130552326	0.08695652173913043
9uzi	101	0.22966730629048995	3.7380467481496895	0.2
9uzi	102	0.2073076936226931	3.982868994207189	0.44
9uzi	103	0.22316716784872223	3.722624527956909	0.32
9uzi	104	0.40422616777087755	2.8394587095127672	0.56
9uzi	105	0.3319317423748659	3.293062363820557	0.52
9vdy	101	0.00831570285075453	12.667714928869264	0.0
9vdy	102	0.01921768006323615	9.599186672089726	0.0
9vdy	103	0.05671878126193783	13.719547984811747	0.0
9vdy	104	0.00805910501902457	14.09377367422254	0.0
9vdy	105	0.030832285791065044	16.020553442234327	0.06521739130434782
9vdz	101			
9vdz	102	0.5236677296465703	1.2213224552492958	0.6086956521739131
9vdz	103			
9vdz	104			
9vdz	105			
9vjj	101			
9vjj	102			
9vjj	103			
9vjj	104			
9vjj	105			
9vp0	101	0.038821924381811763	14.1811829582527	0.0
9vp0	102	0.04314694848427592	15.17465229398784	0.0
9vp0	103	0.045667188118868794	12.37668992510955	0.0
9vp0	104	0.08130726723820582	10.696742197257446	0.05263157894736842
9vp0	105	0.03320405670421877	13.531264864737006	0.0
9y0a	101	0.04658604377179653	13.058979068076987	0.0
9y0a	102	0.047775102457719314	13.786800772233367	0.0
9y0a	103	0.07471345847037282	8.668839392083349	0.0
9y0a	104	0.050114785049143885	12.766651535217424	0.0
9y0a	105	0.050187303124901016	12.92011814947932	0.0
9yio	101	0.01998419048472725	18.52747407057571	0.0
9yio	102	0.014567778492619551	19.956847077416352	0.0
9yio	103	0.019306328959319358	15.598402691609332	0.0
9yio	104	0.014975089112263798	20.340159305966736	0.0
9yio	105	0.015051910673778132	20.19918672436239	0.0
9hub	101	0.4534688615807423	3.594503345073827	0.7384615384615385
9hub	102	0.40337798264199815	4.26201101395436	0.6923076923076923
9hub	103	0.4488129330393102	3.6338577415353797	0.7076923076923077
9huo	101	0.360712931512933	3.978399811042263	0.546875
9huo	102	0.34592898461247296	5.190862824785652	0.5
