pdb	has_light	pae_h1_ag	pae_h2_ag	pae_h3_ag	pae_fw_ag	pae_l1_ag	pae_l2_ag	pae_l3_ag	pae_lfw_ag
7y3o	True	23.951514165426037	23.738447174583513	23.515315338652954	25.41512712717349	23.63858246229768	23.521529168197787	24.038264608874762	25.17786660922745
7yds	True	18.029615375730728	17.81367521320944	17.71890313197405	20.581616402158048	17.582371804449295	17.352364654214973	18.075282068334076	20.063651739518914
7yv1	True	22.41765285055548	21.565942503896085	21.657455613193157	22.834445531544343	22.160581815407355	21.55593685849884	21.58113083911522	22.14615505379405
7z1x	False	16.83632447806047	16.642564769677108	19.237962004537202	17.893615463756472				
7zau	False	26.696374228282004	26.97645702816191	26.845266111264955	27.807802263925392				
7zoz	True	18.968089973449707	19.52776002788544	19.518421346028646	21.10589249531428	18.98736000696818	18.388559979756675	18.582728892856174	20.28502564622928
8a44	True	20.93909983708183	20.42172783592862	21.475093863726475	22.336455638108177	21.163589314796006	20.648589300214226	22.000075092250576	22.1001328245046
8acf	True	2.7431793498226265	2.709574276176484	3.475915685433487	7.580971469553773	4.761978260892025	3.3483333293942437	3.460322066253702	6.677345874219218
8aci	True	2.5585054364325344	2.5228532564866804	3.3082411071685622	7.483984751845058	3.9917246383169425	3.1150000056494838	3.2832689225769656	6.866983881247217
8aok	False	15.291928883770417	12.474094829168813	14.065396553894569	14.86855911237356				
8aom	False	11.183616894331795	7.992321418351913	7.687588734506273	7.834613859750509				
8apy	False	7.2762867674669796	4.9990992667701315	3.9318452369974777	5.684832472526752				
8b17	False	7.775374163776438	4.353192909367295	4.252037303535105	7.7421358374692915				
8b18	False	7.76841185772234	4.3596008882743105	4.2477018403170455	7.744743844342629				
8b19	False	7.780027721944511	4.36612290553666	4.253901135413047	7.745959621272075				
8b1a	False	7.788605878067651	4.371669308913445	4.256016694435912	7.74962142761425				
8b1d	False	7.759151882712962	4.3556129280283065	4.255621495055021	7.745770570018465				
8b1e	False	7.771072612963865	4.362847641672105	4.255144122862141	7.749675577305095				
8b1f	False	7.781075390208587	4.361982897787786	4.255894091615345	7.740262341461767				
8b1g	False	7.791244461339487	4.358767819472571	4.2538241834144195	7.751579650357663				
8b7h	True	13.598209472926888	13.462381743096017	16.213481694223013	14.181409574123961	13.956554056824865	12.467657649839246	13.891351344617638	13.659206425065305
8be2	False	9.413875277546174	8.625383387467606	8.328845924212638	9.789074487408563				
8bec	False	22.71276417651127	22.495692189206782	23.212465645111713	26.727423462658688				
8bg2	False	23.799436525359674	23.733197644937487	23.982538847393037	27.354684299724553				
8bg3	False	23.214482987114273	23.36781601702534	23.97547992320169	26.252256593558467				
8bg4	False	23.342173081789262	23.168336998237358	22.71240559202252	26.691051279244654				
8bg5	False	17.982661053231084	18.403497764393578	19.04235824891382	22.99431297398726				
8bk2	True	4.249232953837649	4.931562496730211	4.140391418239986	8.124877600617188	5.391972401602701	3.933920456378749	5.725676145404577	7.070088156327891
8byu	True	25.32691767704056	23.656676699358776	22.620490547164856	24.81846175980137	23.542202145220287	23.081820619473337	23.10509591994143	24.08310678706161
8c3k	False	16.479229134321212	14.36669050738925	12.981633326212565	14.154375454707024				
8c5h	False	10.061250001434388	10.682510168571783	7.891089429700278	9.704686353830992				
8cbf	True	25.43441918642834	25.207013889394624	25.015335139054788	26.56504701148713	24.982388163369798	25.672272733566334	25.511126265862977	26.29870027307382
8d9y	True	8.455753682290807	8.34584033689579	11.442426464487525	11.579615565517065	8.859877442028008	8.159803884870866	8.052238574604583	10.377582956493171
8d9z	True	4.9010294204687375	7.421617633154412	4.3171250007170086	9.019991578406417	7.110612745378532	6.079411764939626	6.200000011843015	8.070397436861539
8da0	True	11.652057666961964	13.062417595203106	8.78224615573883	14.393695406108277	13.005076929239126	12.112410237238958	12.059384624774639	13.17232575004853
8ee2	False	5.190170652058242	6.092905903955252	3.8781277446965365	8.05673745698856				
8eln	False	5.269009355924466	6.774387755709093	5.342129773459841	7.843206153135263				
8elq	False	25.642860813239185	25.689645612362735	24.363724232211556	26.47405383644235				
8et0	False	19.691524013444997	17.39828415810445	17.408618666051666	20.338139356434723				
8evd	False	8.607287416982205	5.331004948658787	10.10102841199613	8.347958419402786				
8ezk	False	26.1386111417174	26.157715966931214	27.03067441467167	27.699245884116916				
8ezl	False	21.625460236722773	21.215024345106894	19.514481519433584	26.168908453170836				
8ezm	False	28.342932096234076	28.37680556156017	28.77969136061492	24.45864613093825				
8f5i	True	4.2845467041645735	4.385302199194064	5.966241758777982	6.87892097401959	12.366936813344012	4.313736270198892	4.800279718298059	6.842804192200287
8f6u	False	24.61981655387748	22.547691590513015	24.15673158676647	24.477544177152645				
8f6v	False	25.7646161580804	24.93042761058455	25.32071087295506	26.734725984987257				
8fdo	True	20.117408252637322	20.18037842829293	19.93075595855713	21.643497769968548	20.389541270171467	20.272721736802968	20.48577984713633	21.18380522260215
8fxv	False	24.00200864391507	24.270143763609866	23.152395668610495	23.507273231670624				
8g0i	False	23.520878381557292	22.240997455601832	22.595463980425585	24.108480346189868				
8g4p	True	14.648430854082108	13.31712764447221	13.302206027414337	15.396410138022041	13.294964529943805	12.136702124954116	12.758073300616397	14.87800151974131
8gjr	False	4.454381406523364	5.403266700345211	3.6704725673283827	6.374785829384451				
8gy5	True	12.56431193636098	12.517821079820667	12.75320183771466	14.727623558107936	11.824954131327639	11.996116203634747	11.91614678681322	14.334525208999517
8gye	True	14.417089415075136	13.651334732491232	15.059223634008548	16.732448333279702	14.791094905268537	15.210778621571487	14.354209248263567	16.52309975792758
8h5t	False	22.37031586836743	21.863248872683712	21.704559142957024	23.057645883222587				
8h5u	False	24.653358961252067	22.275728970482234	22.886369233742737	23.20586701439078				
8h63	False	11.74621212756608	4.003079773525286	5.563237477100847	6.744004570451592				
8h64	False	25.832524624121266	25.231243615599116	25.540825426448095	25.254290068729595				
8hes	True	18.006835945571463	17.888873706882197	14.970619201315222	21.42727089171147	18.83157408789352	17.63164931866858	19.126467831207044	21.304726354896076
8hr2	False	25.303245953334276	25.631962349337915	24.89542242373434	26.072918589453487				
8idi	False	23.55571580544496	23.357283669022415	22.434108389841093	23.793485042987726				
8ido	False	24.752878581102078	25.044164651861557	24.314077790800507	25.957047542140014				
8im0	False	4.518446260349494	4.061441925641533	2.547420560997966	4.789191688901507				
8im1	False	22.97307827316712	22.88627922813469	22.614176098138195	23.855533529481225				
8ipc	True	11.582022848629183	12.022258060413503	11.223876345029442	17.98475562066455	14.335900558539295	12.889229418983597	12.866525526529038	17.319942084708376
8jel	True	2.8867939837552883	3.1115277791740716	3.078125001793658	7.36089243574862	3.0219907462596893	2.650679009380164	2.8701646102308738	6.457096562831355
8jeo	True	4.886000001992819	3.639622644183521	6.987499995613998	7.438671299054582	5.237295599619173	4.830566032502636	4.389088055997525	7.168228244191645
8jyr	True	22.60183377121831	22.592857149276103	21.975591711139437	25.1194268764668	21.78071428498069	21.438150184058443	22.405201457213423	23.669924556506505
8k33	False	7.514779405656204	11.069063182663207	13.772861296488223	8.393523536874762				
8k3k	False	22.784606950799215	22.712197183948202	22.804352445393494	24.671272401835378				
8k3l	False	3.584027774388494	6.170588241780505	1.9604542485833947	4.371561029794858				
8opr	False	28.81128072116049	28.72590520598006	29.098174093688872	29.185420891644096				
8oww	False	22.44711491856912	21.536054290906346	21.653452181348612	22.615733453106266				
8oxv	True	28.820796622753843	28.437667038997365	28.784625552789404	29.544162841371385	28.892140230943454	28.410161543522637	28.82712351001871	29.5590805099124
8oxw	True	28.766132175659045	28.605854186815083	28.622410414765497	29.574305299314357	28.832483426460637	28.47869415264476	28.73162657772533	29.536348772423015
8oxx	True	26.1734565211379	26.1332146940024	26.288424638941667	28.350653534501358	26.52270924837693	25.906528984290965	26.31223913598176	28.234339842737093
8oxy	True	28.593757380426457	28.391810472032667	28.47001180001768	29.16350696267154	28.674754791555152	28.05123402211987	28.24889871934249	29.189615839565835
8ozb	False	6.495148020845495	2.763289476023581	1.7710808235171593	2.7970689671036335				
8pe1	False	5.228614257707585	5.225410070068022	5.195814477852904	6.932378517203993				
8pe2	False	3.4379937942087246	3.0157755555663712	2.7307088056482525	5.07741434763092				
8pih	False	4.779202592976648	3.15827586110039	2.684965515342252	4.29093975198567				
8pmz	False	24.470748310997372	24.458945576025513	24.33266105285498	27.090070775732638				
8pwv	False	25.689617059180435	25.30607833241073	26.428834482649684	27.941215229956622				
8pww	False	25.567186453669365	26.220573346009964	25.36533316947637	27.377962894683				
8pyr	False	4.011657195447972	3.463475377552889	8.75526514513926	4.914186870467281				
8q3j	True	17.297689633122808	16.645077591312344	17.779735035385713	18.968726761998802	17.15728733018897	17.47103450599758	16.25593965217985	17.198850814031452
8q6r	False	9.326368488406683	7.388916710461001	8.9396354274901	8.082355608473431				
8q7o	False	4.13977458395186	2.8377283419672166	2.199665824540927	4.401140415378536				
8q94	False	23.877837631894256	24.359159505230256	22.299152301371784	24.101794726666302				
8q95	False	3.585475544931124	3.789470112923047	2.638586956303081	4.090117057675929				
8qf4	False	5.794179108271848	2.141977612540793	1.6098585986800766	3.3392245307381008				
8qf5	False	18.60053821073638	16.94926586794475	16.494409718999155	16.195833338999453				
8qgx	False	18.441932850413853	17.408946752548218	15.975682886938253	17.92606888401542				
8qh0	True	13.790676565821638	13.353505157054963	14.193791002677553	16.874508263332224	16.133888089428595	14.780601363821129	14.66097937367626	16.932172387157365
8qrg	False	25.554959698389936	24.58657258813099	23.680923461009247	25.649941509981097				
8qz3	False	15.022269742045188	11.584210533340622	13.072259392908641	14.082363048132063				
8r4n	True	15.592049170712956	17.262185792453952	15.97684155552765	18.29732002951975	15.226049149622682	13.971748643885546	14.341743640501702	18.44007840572046
8r4u	False	28.66243690045474	28.528969498964262	29.054553109639325	26.493004148050172				
8rby	False	14.853294875224432	12.275224368236003	8.213735701393563	10.218337791626535				
8rj7	False	9.867952802275516	5.708220662739204	2.954362251146889	4.4921232337012205				
8rp8	True	20.878611131611034	21.166623902117085	21.656182344369626	23.74699986807536	22.567378932594234	21.944586873394133	22.54682052930196	23.341492880830216
8rw9	False	24.283270977214425	24.22682632596397	22.96573851700235	24.79145775399681				
8rwb	True	11.132645342932191	11.198706398003322	10.988791998504668	12.725267687350396	9.951883723846702	10.268740316694098	10.122687347329556	11.488929040714893
8rz0	False	22.026933937702537	21.519716987070048	21.209669818191134	23.91698564445218				
8rz1	False	27.428090265503638	27.506782401491094	28.180135326168138	25.156731337469736				
8rz2	True	25.412690598913965	25.317402482032776	26.316410255119962	27.488222188228857	25.736586881867538	25.848025989307015	25.565664066951708	27.823675746725193
8s0l	False	4.636216129451425	5.306619242439425	6.000107112104223	6.04093801968129				
8s0n	False	4.224324844823576	4.707851081189734	5.550762791114299	5.602886632405301				
8s6m	True	22.711173471747614	22.03406250233553	22.563753184311246	25.166668829167715	22.699348078833687	22.929472800014782	22.216122458419022	25.244719781533227
8s79	False	25.94992306828499	24.28756250143051	23.44024996665808	25.38932820332356				
8sdf	True	25.054903338864907	25.03354382146265	25.09872938185623	26.962274877467067	25.408067015028493	25.587285231888497	25.09219071873275	26.844485619491913
8sfs	False	17.15314999183019	14.15704999950197	15.972486668056911	16.772286262512207				
8sfx	False	5.530761065894524	4.78264380826623	3.3299947959224983	6.10093169057003				
8sfz	False	23.270594429439967	22.304716691970825	22.69860915639042	23.44400395466369				
8sgn	True	15.042925842909836	15.46060969432195	12.639524885746868	17.358123945810988	14.814665030679931	13.706143801508386	13.824370097997141	18.186171621291173
8siq	True	2.8643048477492163	3.3661005823674772	3.618503403038047	9.30412960589137	3.2784580482579684	2.292074827920823	3.2817625245545923	10.239209321182875
8sk5	False	26.141192324956258	25.015984218078252	24.417670722271588	25.88794091702039				
8slb	True	23.1408518197075	22.36308971672289	23.27045055626151	23.864413452551897	21.485201632463802	22.640645183542723	21.781267927111692	23.586422399422148
8sos	False	17.862075636527635	17.857938202104886	18.543854243377037	18.909097363085387				
8sow	False	23.746174563621654	23.85883006203938	23.777112050303096	16.99064171693847				
8soz	False	24.336864044791774	24.48829571764571	24.471008754613106	17.794305367603126				
8szy	True	14.353264549403514	14.32976941113333	14.673825255181026	16.15975387180862	15.090582525214577	14.329741104521027	14.996073364825696	15.897269977303036
8tbb	True	2.8626851834080838	2.818101849199997	3.400445604386429	6.942534168487517	2.982330245828187	2.4451851901816735	2.337109052043393	6.462740458618463
8tft	True	7.751651376485825	7.995676586934186	8.14481957388945	12.629187626139872	7.98678899813865	7.2256880564791715	8.09851544116118	12.342015499550053
8trs	True	3.7433778633370656	4.082795803954128	4.144895038020064	9.379043020997623	6.584033085038037	7.255877863056484	9.362302797744595	9.093504367312242
8ts0	True	7.213100766719774	7.304224799076716	8.92461498726246	9.63099595650222	6.286576229010442	6.519560727038125	6.417846692316908	9.04696395996329
8tuz	True	4.914008963511759	4.768779881268858	6.591683934156005	8.51356963890545	11.390099597958772	5.348366538841886	8.580264392645192	8.783995004286718
8tv3	True	23.01934921249901	22.62014173170955	23.781450663118544	24.03816736304046	24.680214745072565	23.913831610859873	25.277854390980043	23.86372085765906
8u08	True	4.987280841287855	4.873142857365794	4.3748730807229785	10.505102424453039	5.176158014830056	4.99021645335408	11.181433980470096	10.062837664851243
8u3s	False	11.543992343301676	11.56574831879328	7.919262519517503	11.45465967880554				
8udz	True	22.498320574663122	22.273656472056903	22.56448735833979	23.564900466937384	21.61087161140377	21.297165518174637	21.655525677426773	23.783382940049073
8uky	True	14.109485301316953	13.657924847665177	12.812762925685762	16.52680392726246	13.480882372991193	12.353224384499011	13.519215686258926	15.608660464718037
8up2	True	23.899061199045775	23.323163908052248	24.863044137281996	26.16404929166942	23.754952840830235	23.57383124693136	23.690336565094206	25.470453222981927
8urf	True	15.111103538423777	14.603876961395144	14.244254239580847	16.860650475663334	13.920937481646737	14.35432289292415	13.523307292411724	15.699364069656232
8uvy	False	15.327468441592323	13.988600281151859	13.222550503292469	14.440691530317455				
8uw2	False	25.778287611445602	25.4726749036472	25.89680357149669	26.506279522058914				
8uw7	False	16.419386026090578	14.90768261777707	15.171551638105955	16.069809126720486				
8uw9	False	25.495557338306583	24.895821062559936	25.828432988137315	26.362808986143634				
8v13	True	15.265562504529953	15.55287499030431	15.20834848953016	19.827628717642806	16.836611127853395	15.88438891834683	16.730590894005516	19.70563699887061
8v52	True	13.133214303159289	13.253160681681974	12.892446438542434	14.445492461490046	11.474660719718251	11.961398805181185	12.232033735939435	12.821066829720197
8v5q	True	16.681689648587128	13.959926121046978	14.616775862238873	14.962171220070985	13.68129309018453	12.379339078377033	12.484374989209504	14.66282660533981
8vrs	False	28.153181623189877	28.54594016441932	28.210291663194315	27.549810762785395				
8vtd	True	20.52935714608147	20.061726194336302	19.79640475530473	21.842938569419744	19.02641271863665	18.92768255566794	19.495216930732525	21.61074829903242
8vte	True	2.6159696960690044	1.862210995554255	2.1649179276869153	5.70393886746406	2.483619529239658	2.3369023575124515	2.051537596349898	5.5441682139817425
8vui	True	23.325006291119738	23.05746845223687	23.007656565097847	25.502977157119492	22.814587529660876	24.503400690226442	23.263164974088486	25.10362196894501
8vvl	True	11.411351922627682	11.056554271647128	13.777204162646187	13.482998028576976	11.66337338476222	11.398998564746076	11.373567001957182	12.949452238633334
8w0w	True	11.824666281361386	11.45001698093177	8.055367018782116	12.549053348413846	11.863723337226478	9.053257911633223	11.684937163056171	11.285520128081716
8w90	False	24.92137077845884	24.03496488761366	24.15441175651172	25.34000925718082				
8weo	False	3.8465793020222137	4.545606757547082	3.8784255029922625	6.938642057369771				
8x0t	True	11.751565127813516	12.50005250918765	13.31250330812369	14.602403885113917	10.947289930672206	8.332464974133574	10.112577030082154	13.525778415012233
8x0y	True	5.155441597010675	4.201494505073561	2.8704672391937667	7.47434701861907	3.57813675281329	2.532888894712823	3.3670384637056254	6.272234323502057
8xk6	True	24.930914551686175	24.908434483189932	25.099240613118468	25.150620370844845	24.782549515928324	24.9746112884424	24.743883560852332	25.307866605942234
8y9t	False	6.910244012940984	6.4255478841357245	8.390473974008737	7.906598061554163				
8ybl	False	19.43109931903226	18.977873885738	18.24215136438	20.052204667492603				
8ybm	False	25.32418961286788	24.636376145939057	24.504927019957606	25.74018090868129				
8ybn	False	22.672037437098666	22.373210336668375	22.59857378324573	22.83240547638154				
8ybo	False	3.0368029967911783	2.9722119845140913	3.3631358363792145	4.685559328944857				
8ybp	False	5.185838744528108	7.1822337700691055	3.2827445898027645	5.037600022413474				
8yj8	False	5.4723431925192525	6.759843189496293	5.241646756016368	6.456986885745705				
8ykt	True	22.13247185891813	22.025647538739282	22.857135670110544	25.277171261419753	23.314515770018637	23.352912899968146	22.881117941804053	25.389629263612697
8ysh	False	9.153887560920852	3.167313734798992	5.770827754005861	4.252574795045476				
8yub	True	24.656015208529944	24.97032997329828	24.670459392470153	26.788303458246887	25.230203040360195	25.049627768811842	24.62205584521221	26.671928406909583
8yvj	False	10.102891930331618	10.220233044886994	11.306489748735709	9.136010637577371				
8yvo	False	17.931246387094692	18.08846012405727	17.64770753204587	18.76461877519407				
8yxi	True	26.600856704503947	26.397059973897964	26.98973208355136	27.733257365861846	26.47559709539047	25.897943914617457	26.63023882450303	27.090394546887847
8yyz	True	20.19849168777466	20.23228332122167	18.65393887731764	21.003514893308598	19.00126667128669	18.12515555911594	18.752451814015707	20.24468773267018
8z2e	False	25.666352542241416	25.14361172490941	23.40520513387827	24.53945111392686				
8z2v	True	16.346924997170767	16.44794166445732	16.32149443467458	18.20053333536784	17.812633360756767	16.30171110259162	16.673251850693315	17.58566424947946
8z39	True	14.490546365447392	14.747011563241086	14.602334415675788	16.657516915803452	16.441456942105663	14.679779215890576	15.395761591621495	16.0328011641338
8z3a	True	17.428249972661337	17.615241664250693	17.162411105367873	19.45322018070049	18.868833334181044	17.289577825334337	17.88964442429719	18.772176855874598
8z8v	False	27.47207895498625	27.759450272531826	28.281529218114482	28.113691768979475				
8zca	True	22.9686111018189	22.27207571013361	23.61352137052096	24.685435993691126	22.713611117794983	22.74729347772408	23.613822839198967	23.996753468451615
8zu9	True	19.526468386133033	18.29622741492398	19.225670176098145	19.06305210478921	19.01895581766305	18.253052221244598	18.4305287575626	19.142186807771264
9atm	True	23.193305840952142	22.74622461880524	22.786928935099375	24.884930169399574	22.720947545326435	23.504247005417465	22.503538071201536	24.99687209092522
9au1	True	24.18437823977495	24.563711171323153	24.061088077762584	26.26473580644446	24.420875068361482	24.064697805875735	24.183238337818207	26.28711297766506
9azr	True	16.559008221671053	17.63253519792512	16.040397822783262	20.171388400284243	17.143920202210477	18.079765246694265	17.355262498289818	19.904449578147258
9bdi	True	11.358112734127667	12.205718951443442	6.948036252283583	12.574539785251472	12.062200427834505	10.434880195360039	11.16721858645836	11.967357607957632
9bt5	True	22.19137673388978	21.82603110640829	21.540394265652925	23.71403061856986	22.68626728785003	22.309907872189758	22.241423455983995	23.198359158782512
9cds	True	26.155650198459625	26.371436492089302	25.73381720947963	27.671330856597823	25.47180107588409	26.424663989774643	25.661487463981874	27.725058312491015
9d41	True	12.304750014435161	11.812500003793023	13.050875004042279	13.336826710583585	11.47951514937661	11.201757610205448	11.351212122464421	12.893830368042886
9dbo	True	14.244610205773384	14.39151882356213	13.032862900405801	16.070885414504662	13.253602151802363	14.945698943189395	13.454802873171644	15.13078594234193
9dl0	True	9.778002728586612	9.207255439265914	8.88655571396584	10.551314281478225	7.906902178906012	8.77007245671922	7.96091787337105	9.382984088280446
9dq3	True	4.546861706975292	4.961821810124403	4.859526111666884	7.848204574988203	7.627218839426534	4.393085108158436	4.50656028349067	7.2449278140515805
9dq4	True	2.782604171928984	2.760972222727206	3.15620370961801	6.453977977710443	5.740648152572768	2.88938272440875	2.5295576141694935	5.820219073739044
9dx6	True	8.085470887920524	7.612452075408122	5.529406716233765	11.308701439311154	7.100409286937633	6.5659156112228265	6.414602994027154	10.591562966086698
9e7n	False	23.93360034512802	23.43576145214094	23.395654523283763	24.730331219381046				
9e7o	False	25.49156617329194	24.392796971696487	25.147649450263476	26.46871743288465				
9eht	True	7.215795447609642	7.654647726226937	8.417734851439794	9.364142252598176	5.307163638418371	5.831424250024738	6.171202022258681	7.942432521215196
9en2	False	26.566587141440618	25.95484555157828	25.37204506076435	26.500658372603787				
9ena	False	25.030855130621607	24.67768863269261	25.27510191146788	24.86866141798421				
9erw	False	19.11298308337944	19.857958960648322	18.86127443425486	18.84649436748994				
9etl	False	15.113428396218032	15.496747560292771	14.747540454802776	16.751464847845316				
9eze	True	7.058219510752981	6.76650406148514	6.603788616696025	9.23327857109052	7.2135365875109745	6.188888885141388	6.775221308395468	8.492817177045884
9ezh	False	14.145540263693212	14.06491525799541	13.552975525402529	15.25667640774101				
9ezi	False	11.069576280349391	10.332605938790207	10.441690196200728	12.04342100291881				
9ezu	False	12.152182192873147	10.77170551227311	10.927198679994953	12.823315906129157				
9ezv	False	13.202637720916231	12.800222447362996	13.08407721131086	14.169518837102613				
9ezw	False	6.320625005889747	4.467754239753141	2.6568879495653728	4.266986403941087				
9f91	True	8.934673898461936	8.424728272617727	12.307487917023197	11.13507627902551	7.385652151660643	7.398599028011451	7.677391304869967	10.422602110473779
9fc2	False	21.73758974931179	21.894880361638517	20.732102583534697	22.508941670114403				
9fik	True	21.573380944842384	20.889009546552387	21.477420281672824	23.517733435367692	22.579460342346675	21.154793669685485	21.25878789001729	23.603754885393872
9fvb	False	24.858325063592137	24.574748365005643	25.18500235529229	26.110114964870576				
9fww	False	23.893281257578305	23.20796877571515	21.61959262990526	22.765524923146426				
9fys	True	10.236736112584671	7.886475690537029	6.200717598924206	8.884160693151834	10.475538191696009	9.90861114749202	8.075820697076393	10.867342505907002
9fyt	True	13.197024636705157	12.163098588795728	6.058955402231552	11.023307537741012	11.919460076121657	11.330938977254949	10.55115235843976	11.949249325771692
9fzc	False	19.617517443590387	18.666154459861424	18.641778092051663	18.855633596663242				
9fzd	False	16.507123580033127	13.540495147565743	9.732513109703998	14.357523989827946				
9g2a	False	18.772916653700044	17.92601760730409	18.417561404746877	18.461069018895486				
9g2g	False	16.053178880749076	16.684450429061364	15.674355983975934	15.760808427489124				
9g48	False	21.296858981124355	21.495416681990665	21.345259978221012	22.1306607126331				
9g5l	False	21.72744561278302	21.88108697352202	22.247836130837534	22.59628832487547				
9g7k	False	20.35940625667572	20.934270823995274	20.7237934731055	20.788474356647814				
9g97	False	25.168651316154516	25.99900118757093	23.86004671167203	24.496503369971013				
9ggp	True	18.46018938295769	19.898896100510765	19.448234354269626	21.688886161964444	19.88746466251335	18.940808088129216	19.563734844959143	20.969261073577098
9ghi	True	22.21004558354616	21.488092452908557	22.082820514837902	23.26387559992468	21.811736098594135	21.820277801818317	22.04928242497974	22.577487844097636
9ghj	True	23.39352898044481	23.216469597684743	23.90484115893011	26.00184045432726	22.659714560043305	22.465064443936004	22.75659913062464	25.096233981531697
9glz	False	21.359882812201977	21.053366080352237	19.40277431309223	21.98107754609671				
9gox	True	8.287469892676576	4.019789157442778	5.325780264122761	8.331883388719133	5.245073633380683	4.891352078362481	4.52008924583727	8.027627449539164
9gv3	False	24.449022038252227	24.655647388174515	23.84916719568814	25.14124724132591				
9gvl	False	13.888720479537183	13.149724409453512	13.188188971331297	20.23969960216462				
9gvn	True	7.364196423707264	6.819923474320343	7.702726644474072	9.782042230515321	7.956212810018942	7.343630945398694	7.684960321538032	9.12291712469998
9gvo	False	23.187564830426815	22.702898165031716	22.95183701503424	26.555178253878164				
9h1f	False	20.76429136695376	21.107555739439217	20.43316649783189	21.886587099956568				
9h39	False	25.9645174436791	23.057388684599108	23.92273176917734	24.459192112651706				
9h4r	True	12.390585914254189	12.129687514156103	12.603814087808132	12.939885526349693	10.970850693061948	11.201874993741512	11.836111110669595	12.624242214683866
9h4s	True	16.038247558416106	16.446029405383502	16.38118401408016	16.275694896038996	15.411160133243387	14.954869234484006	16.294651400809194	16.037219736963284
9h6v	False	22.06119999616574	19.726948719146925	21.338889897319167	21.801735698703176				
9h77	False	14.114067809056428	14.709128342875557	14.61629725808115	14.541354055368743				
9hi4	True	22.276660624909518	21.189390116843626	21.98084101762801	23.99793932068169	22.410458946228026	21.998872793814986	21.941052059556487	24.174018781471684
9hi6	True	16.535703489392304	15.741575585132422	18.13932557599993	19.519931735596558	18.488172093324884	17.87466663094454	17.419214475863356	20.569710898428536
9hj9	True	22.817410400678526	22.12132073155632	22.270432408750683	24.12899813243428	22.77083336632207	22.600911956163323	22.7958962322531	23.550363882096583
9hk1	True	14.458470876355774	14.427912632238518	13.748342051089388	15.341390709863251	13.361234384502353	12.777669898900399	13.586871608561296	14.653556012634755
9hll	False	23.34932322660204	23.86929758007167	22.51149861786247	24.433765406744936				
9hml	False	19.98087015665697	19.062423051956046	18.411257973236072	19.67096169735592				
9ho4	False	19.6076315683231	16.973210516310576	17.376942348360718	16.153778330711592				
9ho5	False	8.627024789240735	3.9624203060706362	13.98619245427277	5.976880831238239				
9ho6	False	17.918512365542167	14.091074372689024	11.342455733343167	15.098452615092294				
9hub	True	11.417773985699432	9.03412672183285	6.7886073111331084	9.947800855991995	11.933664413347636	11.614794511228936	9.156176838156295	12.047503179319328
9huo	True	12.87609152306973	11.055757056659376	7.321514084165645	11.695234485057057	13.805422537763354	13.073849760870418	11.327234311537309	13.459283913427852
9hur	False	5.360049012098827	3.7640563730223504	2.2895206940200072	4.277895850055006				
9hxo	True	14.35836266463911	13.187658445935854	6.5275762879197865	11.418153535838172	10.594225346202581	10.678122057041652	10.298297072494838	11.86822831759725
9hzj	False	8.715192313836171	6.646057688731414	5.541367523792463	6.894295861090227				
9hzk	False	6.175503736778872	4.412649254078295	3.631227194916945	4.710656061961609				
9i59	True	26.064908778345263	26.133416996039017	25.15482825899983	26.421803008822593	24.763299565057498	24.663344591587514	25.247033776463688	25.801722110468447
9iqp	False	24.787653075189006	23.089730344777898	24.40709182604043	23.430957610255856				
9jbq	True	21.569626857095688	21.68073694207775	22.48672707807789	24.27628033109277	21.379358203375517	21.76350740650993	21.55072141523978	23.09438997827815
9jcy	True	26.725922065016665	26.188645840637268	25.950765926853503	27.30661356995766	25.5914872708144	25.637546272189528	25.61724149960059	27.04346956735025
9jd0	False	24.01121324350854	22.694600848590625	18.850070904533403	23.006043882619323				
9jd1	True	21.251616115849387	21.763546024406306	18.376453012874162	23.08140901403649	22.12132846560937	21.144993017241877	21.809716405119246	22.218871792378042
9jeb	False	24.31563140056571	24.30592472942508	24.066764693014047	27.215850685501255				
9jno	True	23.615600877565377	22.901641647191518	24.89254347648474	23.97301867416129	23.079234637586513	23.49250354412117	23.49183118417255	23.809277431403657
9jqv	True	25.410252396112835	25.346995189403877	26.04877289922246	26.492636393577094	25.443733975928055	26.0848825140896	25.54326209926877	25.944812509727555
9k6j	True	20.675593899758482	20.736606150794987	20.3007684422162	21.266836644191066	22.528879252962927	20.67893187029366	21.038080095586196	20.776742622512643
9kur	True	23.36515084628401	22.786874992066416	24.23779214707371	24.863444105359772	22.891508592956367	22.611551728741876	23.249432489104656	25.265583244848184
9l9y	True	17.55616496006648	16.633163271712608	17.272827963092237	19.100792103175124	17.116625852000958	17.795487535783764	16.703696135941186	18.610619295799317
9lad	False	9.346268299549092	5.46702439110817	6.46466666870324	6.619947155599854				
9lh2	False	24.795720666038747	24.931307398543066	25.262990769422437	26.152879698063966				
9lme	False	15.582408670693228	13.481050230052373	14.073981716643729	14.398331575777942				
9lrf	True	22.75883882723484	21.478857875475423	21.594904828192618	24.998041555545264	22.265905235826263	21.637275802302483	22.10190070852074	24.79626850791389
9m5b	True	4.773507583321947	4.841045454325098	5.120593940814336	8.355818508867916	6.233747481818151	5.235212124477734	6.086033668582287	7.965209609789496
9m6j	False	8.442185309383419	5.1870192269293165	6.282850676262541	6.273963675386885				
9m6o	False	10.366020592776211	6.0395990551080345	5.853307437420421	5.974708687534921				
9mer	True	23.084630830711294	22.90163554750552	23.473099681571018	25.098238900930525	23.430202498242863	22.67607477669404	23.49913810718097	24.650160689402146
9mev	True	21.92278771085559	21.80924526893225	21.27491876839092	23.02912883587041	21.980298753054637	21.386037723073418	21.827285124820733	22.296457914805494
9mic	True	22.66331360608163	23.629097642277824	23.09395539028079	24.149057564298076	23.886666679758527	23.270138121685804	23.08169231189073	24.505454210894857
9mid	True	23.178561739174718	23.303787656577235	23.455602416072985	26.036205818614807	23.32204821598099	22.307510046595073	23.06316867506648	25.98151884116261
9mif	True	3.775428992800811	3.246323965093088	5.888982982369217	7.6944501979379405	6.210009860334076	4.833510849367702	3.9409704174515765	7.97279814693422
9mj3	True	3.324058734015169	2.3741114453737993	4.947281629610133	6.190256023282456	14.403846812535482	3.796325302507025	3.098168678958732	6.771775060192024
9ml8	True	26.764206340253487	26.700231559609694	25.35681793026458	26.502614022790222	25.350867335372346	25.295782326030082	25.761813537972756	26.025094714032488
9mqv	True	22.25012761884959	23.07349149531719	22.32254878025518	23.933637912565526	22.341034040817206	21.911151811090438	22.35683537555892	24.179339106885923
9mxi	True	6.49204918216975	6.053073775817136	5.219145819583363	8.909179454902594	5.999713107536399	7.757076503149147	5.445639349886628	11.116740678725124
9n8i	True	23.939993081171867	23.666795569888794	24.15534285550618	25.07548214356245	22.724401459948574	22.687587488641615	23.335751374386952	24.460192802565548
9n8n	True	20.068563314227315	19.553563309373793	20.25031512652398	20.432359893794185	17.44613638326719	17.660974053593424	17.88853896453783	20.14703546450847
9ncd	True	15.30581043971764	14.841785708626547	15.87985872773211	18.968798042042803	16.628278427508288	15.77849815354679	15.98581195547176	18.466859716234467
9njy	True	10.215219372550383	8.693637660515117	7.547864236414564	11.278878679522602	8.217185437942446	7.618167771408889	7.648215602082835	10.570113432621952
9npi	True	10.344060154337631	8.004896604477015	13.722817025148778	11.750845564325386	12.179248131606215	11.003283221022526	13.60477442920656	12.366595720523167
9oar	True	22.21584319715669	21.858128700736007	23.32489732993923	23.76015544243475	23.584881633931598	22.578875742955557	22.580982217280823	23.93815397375669
9obn	False	4.765684308253065	2.590520071803871	5.7672546675122085	5.251289036190261				
9pi9	True	21.101467407786327	21.32098913918371	21.143782606480283	23.331858923433007	21.127231853595678	22.78366667982461	21.273748794039665	22.73550835952844
9pru	True	9.193713442902816	8.91411028290751	9.519953219235292	12.854588487794782	9.40741019101569	10.33645225733112	9.016465234787454	12.125767579638524
9pzi	True	19.561045076026293	19.157346299437226	19.082018997465568	20.981341440043458	19.632308748901867	19.679726715296344	19.580475453079725	20.40793096577978
9q8l	True	15.54915177822113	15.985401783138514	16.36426337116531	19.751320874348657	17.02693080476352	17.086398749124434	16.71086038474913	20.106805135990232
9qrv	True	20.662706055483977	19.953873604208557	18.937836915651037	21.24884295905771	19.159761900430198	19.07523806715186	19.16101645899343	20.603214841381963
9rit	False	7.004708320399126	4.026166669527689	2.8420277761088477	3.085518515849555				
9riu	False	18.261311482743604	17.462090191293935	18.2649999746208	17.58162398579342				
9rm2	True	26.61830224207978	26.53121535559453	26.488407968170016	27.307427555805315	26.34184968801958	26.248208961676603	26.04470564793196	27.104335024412762
9rn6	False	11.011047615749495	10.364537407670703	15.294458856107868	12.95244862237371				
9th6	False	26.786060262471437	26.273811383971147	27.426103507301637	27.836179193584233				
9u8g	False	13.6840230954044	8.784343489829231	4.552776114243706	5.775096641215178				
9uk5	True	20.092967380648073	19.777902168812957	19.952007248090663	22.23140776059322	20.278014480203822	19.83095648945242	20.32495649068252	21.625746301405638
9uvi	True	5.6527146379453965	4.230795457206591	4.659082485770537	5.197024794758954	2.508905730163208	2.7012794573700387	2.4919416364595945	3.998150042603525
9uzb	True	23.11844269434611	23.934890613456567	23.94239771149375	24.948625214729045	24.321530293334614	23.284236127800412	23.93659258860129	24.412207051118216
9uzc	True	23.730359375476837	22.986911466221013	24.720340902877577	25.09253602174835	23.485640162048917	23.636930535899268	23.26262035590631	24.801503632007503
9uzd	True	22.435152940609285	22.114847034341675	23.918001547324323	23.746354473749754	22.817587269738024	22.381040802484826	22.609146714601728	23.392362652280998
9uze	True	23.568007295101758	23.80320083895488	24.123221758700634	24.934025194291024	22.777493348816314	22.56160389595617	22.819381679284856	23.975763115024964
9uzf	True	22.947162446593435	23.96667720647804	24.059067898433145	24.91020569898995	24.03610281291299	23.205316434932662	23.69541490798929	24.40201406529439
9uzg	True	22.719533176837622	22.428236502334784	23.93807619807856	23.796875713559082	22.869241798297274	22.238727511541807	22.504260031074462	23.344910873265622
9uzh	True	23.258525099215646	23.38008890291637	24.131806762466052	25.207114273792598	23.639368560387634	23.13571825519599	23.75529520769886	24.836416617983808
9uzi	True	23.89653647094965	22.790562480688095	24.68317045623606	24.958009334777792	23.46061363473083	23.589708348115284	23.313217601511212	24.60382286220534
9vdy	True	23.136389328036337	22.580151266353145	23.54892454773465	24.47546875428817	23.777000015100857	23.386019147885072	23.163184718721233	23.75659631498615
9vdz	True	24.47728501687384	24.152826428793038	24.159958362345716	25.1296549845653	24.154493641397757	23.90797242693081	23.89721161105999	24.28476952105297
9vjj	True	25.893284708919584	25.958607503883254	26.18472397252212	26.94138385076996	25.56348053163033	25.614542591082937	26.573242914939904	26.355267421064934
9vp0	True	19.755741138373857	19.295464593752296	19.631622411508477	22.03511360276119	20.246946897478583	19.882625326646114	20.18095131679974	21.653429426336448
9y0a	True	21.054477981351457	20.853620855634745	21.115562100455445	23.57218455162438	21.34659589386586	21.180440234938008	21.069765564780564	23.665668762316532
9yio	True	19.927123484841314	19.271084360329503	20.598709125321825	21.25513303638941	19.13696385808738	19.548433809395295	19.314886190166753	20.342607307386206
